move_id,name,name_eng,category,type,power,accuracy,pp,priority,crit_stage,ohko_flag,contact_flag,sound_flag,multi_hit_min,multi_hit_max,recoil_ratio,recharge_turn,contenus_effect,contenus_turn,charging_turn,healing_ratio,protectable,substitutable,guard_move_flag,base_desc
153,だいばくはつ,Explosion,Physical,normal,250,1.0,5,0,0,0,0,0,1,1,0.0,0,0,0,0,0.0,1,1,0,自分以外全体 攻撃後、自分が『ひんし』状態になる。
120,じばく,Self-Destruct,Physical,normal,200,1.0,5,0,0,0,0,0,1,1,0.0,0,0,0,0,0.0,1,1,0,自分以外全体 攻撃後、自分が『ひんし』状態になる。
557,Ｖジェネレート,V-create,Physical,fire,180,0.95,5,0,0,0,1,0,1,1,0.0,0,0,0,0,0.0,1,1,0,1体選択 攻撃後、自分の『すばやさ』『ぼうぎょ』『とくぼう』ランクが1段階ずつ下がる。
711,プリズムレーザー,Prismatic Laser,Special,psychic,160,1.0,10,0,0,0,0,0,1,1,0.0,1,0,0,0,0.0,1,1,0,使用した次のターンは行動できない。
795,ムゲンダイビーム,Eternabeam,Special,dragon,160,0.9,5,0,0,0,0,0,1,1,0.0,1,0,0,0,0.0,1,1,0,
63,はかいこうせん,Hyper Beam,Special,normal,150,0.9,5,0,0,0,0,0,1,1,0.0,1,0,0,0,0.0,1,1,0,使用した次のターンは行動できない。
264,きあいパンチ,Focus Punch,Physical,fighting,150,1.0,20,-3,0,0,1,0,1,1,0.0,0,0,0,0,0.0,1,1,0,必ず後攻になり(優先度:-3)、攻撃するまでに技を受けると失敗してしまう。特性『てつのこぶし』の時、威力が1.2倍になる。
284,ふんか,Eruption,Special,fire,150,1.0,5,0,0,0,0,0,1,1,0.0,0,0,0,0,0.0,1,1,0,相手全体 自分のHPが少ないほど技の威力が下がる。(150×自分の残りHP÷自分の最大HP)が威力。
307,ブラストバーン,Blast Burn,Special,fire,150,0.9,5,0,0,0,0,0,1,1,0.0,1,0,0,0,0.0,1,1,0,使用した次のターンは行動できない。
308,ハイドロカノン,Hydro Cannon,Special,water,150,0.9,5,0,0,0,0,0,1,1,0.0,1,0,0,0,0.0,1,1,0,使用した次のターンは行動できない。
323,しおふき,Water Spout,Special,water,150,1.0,5,0,0,0,0,0,1,1,0.0,0,0,0,0,0.0,1,1,0,相手全体 自分のHPが少ないほど技の威力が下がる。(150×自分の残りHP÷自分の最大HP)が威力。
338,ハードプラント,Frenzy Plant,Special,grass,150,0.9,5,0,0,0,0,0,1,1,0.0,1,0,0,0,0.0,1,1,0,使用した次のターンは行動できない。
416,ギガインパクト,Giga Impact,Physical,normal,150,0.9,5,0,0,0,1,0,1,1,0.0,1,0,0,0,0.0,1,1,0,使用した次のターンは行動できない。
439,がんせきほう,Rock Wrecker,Physical,rock,150,0.9,5,0,0,0,0,0,1,1,0.0,1,0,0,0,0.0,1,1,0,使用した次のターンは行動できない。
457,もろはのずつき,Head Smash,Physical,rock,150,0.8,5,0,0,0,1,0,1,1,0.5,0,0,0,0,0.0,1,1,0,相手に与えたダメージの1/2を自分も受ける。
459,ときのほうこう,Roar of Time,Special,dragon,150,0.9,5,0,0,0,0,0,1,1,0.0,1,0,0,0,0.0,1,1,0,使用した次のターンは行動できない。
704,トラップシェル,Shell Trap,Special,fire,150,1.0,5,-3,0,0,0,0,1,1,0.0,0,0,0,0,0.0,1,1,0,
720,ビックリヘッド,Mind Blown,Special,fire,150,1.0,5,0,0,0,0,0,1,1,0.0,0,0,0,0,0.0,1,1,0,
794,スターアサルト,Meteor Assault,Physical,fighting,150,1.0,5,0,0,0,0,0,1,1,0.0,1,0,0,0,0.0,1,1,0,
820,ドラゴンエナジー,Dragon Energy,Special,dragon,150,1.0,5,0,0,0,0,0,1,1,0.0,0,0,0,0,0.0,1,1,0,相手全体 自分のHPが少ないほど技の威力が下がる。(150×自分の残りHP÷自分の最大HP)が威力。
143,ゴッドバード,Sky Attack,Physical,flying,140,0.9,5,0,1,0,0,0,1,1,0.0,0,0,0,1,0.0,1,1,0,1ターン目は攻撃せずに、2ターン目で攻撃する。30%の確率で相手をひるませる。急所に当たりやすい(急所ランク:+1)。
353,はめつのねがい,Doom Desire,Special,steel,140,1.0,5,0,0,0,0,0,1,1,0.0,0,0,0,0,0.0,0,1,0,2ターン後に攻撃する。交代した場合は同じ位置にいるポケモンに攻撃する。タイプ相性の影響を受ける。
354,サイコブースト,Psycho Boost,Special,psychic,140,0.9,5,0,0,0,0,0,1,1,0.0,0,0,0,0,0.0,1,1,0,攻撃後、100%の確率で自分の『とくこう』ランクが2段階下がる。
387,とっておき,Last Resort,Physical,normal,140,1.0,5,0,0,0,1,0,1,1,0.0,0,0,0,0,0.0,1,1,0,この技は自分の持っている他の技をすべて使うと使えるようになる。
553,フリーズボルト,Freeze Shock,Physical,ice,140,0.9,5,0,0,0,0,0,1,1,0.0,0,0,0,1,0.0,1,1,0,1ターン目は攻撃せずに、2ターン目で攻撃する。30%の確率で相手を『まひ』状態にする。
554,コールドフレア,Ice Burn,Special,ice,140,0.9,5,0,0,0,0,0,1,1,0.0,0,0,0,1,0.0,1,1,0,1ターン目は攻撃せずに、2ターン目で攻撃する。30%の確率で相手を『やけど』状態にする。
586,ばくおんぱ,Boomburst,Special,normal,140,1.0,10,0,0,0,0,1,1,1,0.0,0,0,0,0,0.0,1,0,0,自分以外全体 音系の技。相手の『みがわり』状態を貫通する。
617,はめつのひかり,Light of Ruin,Special,fairy,140,0.9,5,0,0,0,0,0,1,1,0.5,0,0,0,0,0.0,1,1,0,
796,てっていこうせん,Steel Beam,Special,steel,140,0.95,5,0,0,0,0,0,1,1,0.0,0,0,0,0,0.0,1,1,0,自分のHPを最大HPの半分だけ減らす。『まもる』などで技が防がれた場合も、自分のHPは減る。
130,ロケットずつき,Skull Bash,Physical,normal,130,1.0,10,0,0,0,1,0,1,1,0.0,0,0,0,1,0.0,1,1,0,
136,とびひざげり,High Jump Kick,Physical,fighting,130,0.9,10,0,0,0,1,0,1,1,0.0,0,0,0,0,0.0,1,1,0,攻撃が外れたり、相手の技『まもる』などで失敗すると、自分の最大HPの半分のダメージを自分が受ける。
315,オーバーヒート,Overheat,Special,fire,130,0.9,5,0,0,0,0,0,1,1,0.0,0,0,0,0,0.0,1,1,0,攻撃後、100%の確率で自分の『とくこう』ランクが2段階下がる。
434,りゅうせいぐん,Draco Meteor,Special,dragon,130,0.9,5,0,0,0,0,0,1,1,0.0,0,0,0,0,0.0,1,1,0,攻撃後、100%の確率で自分の『とくこう』ランクが2段階下がる。
437,リーフストーム,Leaf Storm,Special,grass,130,0.9,5,0,0,0,0,0,1,1,0.0,0,0,0,0,0.0,1,1,0,攻撃後、100%の確率で自分の『とくこう』ランクが2段階下がる。
550,らいげき,Bolt Strike,Physical,electric,130,0.85,5,0,0,0,1,0,1,1,0.0,0,0,0,0,0.0,1,1,0,20%の確率で相手を『まひ』状態にする。
551,あおいほのお,Blue Flare,Special,fire,130,0.85,5,0,0,0,0,0,1,1,0.0,0,0,0,0,0.0,1,1,0,20%の確率で相手を『やけど』状態にする。
682,もえつきる,Burn Up,Special,fire,130,1.0,5,0,0,0,0,0,1,1,0.0,0,0,0,0,0.0,1,1,0,攻撃後、自分は『ほのお』タイプではなくなる。自分が『ほのお』タイプではない時は失敗する。自分が『こおり』状態の時でも使う事ができ、使うと『こおり』状態が治る。
705,フルールカノン,Fleur Cannon,Special,fairy,130,0.9,5,0,0,0,0,0,1,1,0.0,0,0,0,0,0.0,1,1,0,攻撃後、自分の『とくこう』ランクが2段階下がる。
798,アイアンローラー,Steel Roller,Physical,steel,130,1.0,5,0,0,0,1,0,1,1,0.0,0,0,0,0,0.0,1,1,0,場の状態『グラスフィールド』『ミストフィールド』『エレキフィールド』『サイコフィールド』を解除し、元に戻す。いずれの状態でもない時は技が失敗する。
824,ブリザードランス,Glacial Lance,Physical,ice,130,1.0,5,0,0,0,0,0,1,1,0.0,0,0,0,0,0.0,1,1,0,相手全体 通常攻撃。
669,ソーラーブレード,Solar Blade,Physical,grass,125,1.0,10,0,0,0,1,0,1,1,0.0,0,0,0,1,0.0,1,1,0,1ターン目は攻撃せずに、2ターン目で攻撃する。天気が『にほんばれ』の時は1ターンためずに攻撃でき、『あめ』『ゆき』『すなあらし』の時は威力が半分になる。
25,メガトンキック,Mega Kick,Physical,normal,120,0.75,5,0,0,0,1,0,1,1,0.0,0,0,0,0,0.0,1,1,0,通常攻撃。
37,あばれる,Thrash,Physical,normal,120,1.0,10,0,0,0,1,0,1,1,0.0,0,0,1,0,0.0,1,1,0,ランダム1体 2～3ターン連続で攻撃し、その後自分は1～4ターンの間『こんらん』状態になる。
38,すてみタックル,Double-Edge,Physical,normal,120,1.0,15,0,0,0,1,0,1,1,0.33,0,0,0,0,0.0,1,1,0,相手に与えたダメージの33%を自分も受ける。
76,ソーラービーム,Solar Beam,Special,grass,120,1.0,10,0,0,0,0,0,1,1,0.0,0,0,0,1,0.0,1,1,0,1ターン目は攻撃せずに、2ターン目で攻撃する。天気が『にほんばれ』の時は1ターンためずに攻撃でき、『あめ』『ゆき』『すなあらし』の時は威力が半分になる。
80,はなびらのまい,Petal Dance,Special,grass,120,1.0,10,0,0,0,1,0,1,1,0.0,0,0,1,0,0.0,1,1,0,ランダム1体 2～3ターン連続で攻撃し、その後自分は1～4ターンの間『こんらん』状態になる。
192,でんじほう,Zap Cannon,Special,electric,120,0.5,5,0,0,0,0,0,1,1,0.0,0,0,0,0,0.0,1,1,0,100%の確率で相手を『まひ』状態にする。
200,げきりん,Outrage,Physical,dragon,120,1.0,10,0,0,0,1,0,1,1,0.0,0,0,1,0,0.0,1,1,0,ランダム1体 2～3ターン連続で攻撃し、その後自分は1～4ターンの間『こんらん』状態になる。
224,メガホーン,Megahorn,Physical,bug,120,0.85,10,0,0,0,1,0,1,1,0.0,0,0,0,0,0.0,1,1,0,通常攻撃。
248,みらいよち,Future Sight,Special,psychic,120,1.0,10,0,0,0,0,0,1,1,0.0,0,0,0,0,0.0,0,1,0,2ターン後に攻撃する。交代した場合は同じ位置にいるポケモンに攻撃する。タイプ相性の影響を受ける。
276,ばかぢから,Superpower,Physical,fighting,120,1.0,5,0,0,0,1,0,1,1,0.0,0,0,0,0,0.0,1,1,0,攻撃後、自分の『こうげき』『ぼうぎょ』ランクが1段階ずつ下がる。
344,ボルテッカー,Volt Tackle,Physical,electric,120,1.0,15,0,0,0,1,0,1,1,0.33,0,0,0,0,0.0,1,1,0,相手に与えたダメージの33%を自分も受ける。10%の確率で相手を『まひ』状態にする。
370,インファイト,Close Combat,Physical,fighting,120,1.0,5,0,0,0,1,0,1,1,0.0,0,0,0,0,0.0,1,1,0,攻撃後、自分の『ぼうぎょ』『とくぼう』ランクが1段階ずつ下がる。
394,フレアドライブ,Flare Blitz,Physical,fire,120,1.0,15,0,0,0,1,0,1,1,0.33,0,0,0,0,0.0,1,1,0,相手に与えたダメージの33%を自分も受ける。10%の確率で相手を『やけど』状態にする。自分が『こおり』状態の時でも使う事ができ、使うと『こおり』状態が治る。
411,きあいだま,Focus Blast,Special,fighting,120,0.7,5,0,0,0,0,0,1,1,0.0,0,0,0,0,0.0,1,1,0,10%の確率で相手の『とくぼう』ランクを1段階下げる。
413,ブレイブバード,Brave Bird,Physical,flying,120,1.0,15,0,0,0,1,0,1,1,0.33,0,0,0,0,0.0,1,1,0,相手に与えたダメージの33%を自分も受ける。
438,パワーウィップ,Power Whip,Physical,grass,120,0.85,10,0,0,0,1,0,1,1,0.0,0,0,0,0,0.0,1,1,0,通常攻撃。
441,ダストシュート,Gunk Shot,Physical,poison,120,0.8,5,0,0,0,0,0,1,1,0.0,0,0,0,0,0.0,1,1,0,30%の確率で相手を『どく』状態にする。
452,ウッドハンマー,Wood Hammer,Physical,grass,120,1.0,15,0,0,0,1,0,1,1,0.33,0,0,0,0,0.0,1,1,0,相手に与えたダメージの33%を自分も受ける。
465,シードフレア,Seed Flare,Special,grass,120,0.85,5,0,0,0,0,0,1,1,0.0,0,0,0,0,0.0,1,1,0,40%の確率で相手の『とくぼう』ランクを2段階下げる。
467,シャドーダイブ,Shadow Force,Physical,ghost,120,1.0,5,0,0,0,1,0,1,1,0.0,0,0,0,1,0.0,0,1,0,1ターン目に消えて、2ターン目に攻撃する。消えている間はほとんどの技を受けない。相手の『まもる』『みきり』『たたみがえし』『トーチカ』『キングシールド』『ニードルガード』『ブロッキング』『スレッドトラップ』『かえんのまもり』の効果を受けない(『ダイウォール』を除く)。
485,シンクロノイズ,Synchronoise,Special,psychic,120,1.0,10,0,0,0,0,0,1,1,0.0,0,0,0,0,0.0,1,1,0,
543,アフロブレイク,Head Charge,Physical,normal,120,1.0,15,0,0,0,1,0,1,1,0.25,0,0,0,0,0.0,1,1,0,
546,テクノバスター,Techno Blast,Special,normal,120,1.0,5,0,0,0,0,0,1,1,0.0,0,0,0,0,0.0,1,1,0,
562,ゲップ,Belch,Special,poison,120,0.9,10,0,0,0,0,0,1,1,0.0,0,0,0,0,0.0,1,1,0,この技は『きのみ』を食べると使えるようになる。
619,だんがいのつるぎ,Precipice Blades,Physical,ground,120,0.85,10,0,0,0,0,0,1,1,0.0,0,0,0,0,0.0,1,1,0,相手全体 通常攻撃。
620,ガリョウテンセイ,Dragon Ascent,Physical,flying,120,1.0,5,0,0,0,1,0,1,1,0.0,0,0,0,0,0.0,1,1,0,100%の確率で自分の『ぼうぎょ』『とくぼう』ランクが1段階ずつ下がる。
718,マルチアタック,Multi-Attack,Physical,normal,120,1.0,10,0,0,0,1,0,1,1,0.0,0,0,0,0,0.0,1,1,0,
780,かえんボール,Pyro Ball,Physical,fire,120,0.9,5,0,0,0,0,0,1,1,0.0,0,0,0,0,0.0,1,1,0,10%の確率で相手を『やけど』状態にする。自分が『こおり』状態の時でも使う事ができ、使うと『こおり』状態が治る。
800,メテオビーム,Meteor Beam,Special,rock,120,0.9,10,0,0,0,0,0,1,1,0.0,0,0,0,1,0.0,1,1,0,1ターン目に100%の確率で自分の『とくこう』ランクを1段階上げ、2ターン目で攻撃する。
825,アストラルビット,Astral Barrage,Special,ghost,120,1.0,5,0,0,0,0,0,1,1,0.0,0,0,0,0,0.0,1,1,0,相手全体 通常攻撃。
56,ハイドロポンプ,Hydro Pump,Special,water,110,0.8,5,0,0,0,0,0,1,1,0.0,0,0,0,0,0.0,1,1,0,通常攻撃。
59,ふぶき,Blizzard,Special,ice,110,0.7,5,0,0,0,0,0,1,1,0.0,0,0,0,0,0.0,1,1,0,相手全体 10%の確率で相手を『こおり』状態にする。天気が『ゆき』の時は必ず命中する。
87,かみなり,Thunder,Special,electric,110,0.7,10,0,0,0,0,0,1,1,0.0,0,0,0,0,0.0,1,1,0,30%の確率で相手を『まひ』状態にする。天気が『あめ』の時は必ず命中し、『にほんばれ』の時は命中率が50%になる。相手が技『そらをとぶ』『とびはねる』『フリーフォール』を使っている時でも命中する。
126,だいもんじ,Fire Blast,Special,fire,110,0.85,5,0,0,0,0,0,1,1,0.0,0,0,0,0,0.0,1,1,0,10%の確率で相手を『やけど』状態にする。
542,ぼうふう,Hurricane,Special,flying,110,0.7,10,0,0,0,0,0,1,1,0.0,0,1,0,0,0.0,1,1,0,30%の確率で、相手を2～5ターンの間『こんらん』状態にする。天気が『あめ』の時は必ず命中し、『にほんばれ』の時は命中率が50%になる。相手が技『そらをとぶ』『とびはねる』『フリーフォール』を使っている時でも命中する。
592,スチームバースト,Steam Eruption,Special,water,110,0.95,5,0,0,0,0,0,1,1,0.0,0,0,0,0,0.0,1,1,0,30%の確率で相手を『やけど』状態にする。自分が『こおり』状態の時でも使う事ができ、使うと『こおり』状態が治る。また、相手の『こおり』状態を治す。
618,こんげんのはどう,Origin Pulse,Special,water,110,0.85,10,0,0,0,0,0,1,1,0.0,0,0,0,0,0.0,1,1,0,相手全体 通常攻撃。
691,スケイルノイズ,Clanging Scales,Special,dragon,110,1.0,5,0,0,0,0,1,1,1,0.0,0,0,0,0,0.0,1,0,0,相手全体 攻撃後、自分の『ぼうぎょ』ランクが1段階下がる。音系の技。相手の『みがわり』状態を貫通する。
783,オーラぐるま,Aura Wheel,Physical,electric,110,1.0,10,0,0,0,0,0,1,1,0.0,0,0,0,0,0.0,1,1,0,100%の確率で自分の『すばやさ』ランクが1段階上がる。自分の『モルペコ』のフォルムが『まんぷくもよう』の時は『でんき』タイプ、『はらぺこもよう』の時は『あく』タイプの技になる。
809,ポルターガイスト,Poltergeist,Physical,ghost,110,0.9,5,0,0,0,0,0,1,1,0.0,0,0,0,0,0.0,1,1,0,相手が道具を持っていない時は失敗する。なお、相手の道具を無効にする効果はない。
26,とびげり,Jump Kick,Physical,fighting,100,0.95,10,0,0,0,1,0,1,1,0.0,0,0,0,0,0.0,1,1,0,
89,じしん,Earthquake,Physical,ground,100,1.0,10,0,0,0,0,0,1,1,0.0,0,0,0,0,0.0,1,1,0,自分以外全体 相手が技『あなをほる』を使っている時でも命中し、ダメージが2倍になる。
121,タマゴばくだん,Egg Bomb,Physical,normal,100,0.75,10,0,0,0,0,0,1,1,0.0,0,0,0,0,0.0,1,1,0,
138,ゆめくい,Dream Eater,Special,psychic,100,1.0,15,0,0,0,0,0,1,1,0.0,0,0,0,0,0.0,1,1,0,相手に与えたダメージの半分だけ自分のHPが回復する。相手が『ねむり』状態の時だけ成功する。
152,クラブハンマー,Crabhammer,Physical,water,100,0.9,10,0,1,0,1,0,1,1,0.0,0,0,0,0,0.0,1,1,0,急所に当たりやすい(急所ランク:+1)。
177,エアロブラスト,Aeroblast,Special,flying,100,0.95,5,0,1,0,0,0,1,1,0.0,0,0,0,0,0.0,1,1,0,急所に当たりやすい(急所ランク:+1)。
221,せいなるほのお,Sacred Fire,Physical,fire,100,0.95,5,0,0,0,0,0,1,1,0.0,0,0,0,0,0.0,1,1,0,50%の確率で相手を『やけど』状態にする。自分が『こおり』状態の時でも使う事ができ、使うと『こおり』状態が治る。
223,ばくれつパンチ,Dynamic Punch,Physical,fighting,100,0.5,5,0,0,0,1,0,1,1,0.0,0,1,0,0,0.0,1,1,0,100%の確率で相手を1～4ターンの間『こんらん』状態にする。特性『てつのこぶし』の時、威力が1.2倍になる。
231,アイアンテール,Iron Tail,Physical,steel,100,0.75,15,0,0,0,1,0,1,1,0.0,0,0,0,0,0.0,1,1,0,30%の確率で相手の『ぼうぎょ』ランクを1段階下げる。
238,クロスチョップ,Cross Chop,Physical,fighting,100,0.8,5,0,1,0,1,0,1,1,0.0,0,0,0,0,0.0,1,1,0,急所に当たりやすい(急所ランク:+1)。
359,アームハンマー,Hammer Arm,Physical,fighting,100,0.9,10,0,0,0,1,0,1,1,0.0,0,0,0,0,0.0,1,1,0,攻撃後、自分の『すばやさ』ランクが1段階下がる。特性『てつのこぶし』の時、威力が1.2倍になる。
407,ドラゴンダイブ,Dragon Rush,Physical,dragon,100,0.75,10,0,0,0,1,0,1,1,0.0,0,0,0,0,0.0,1,1,0,20%の確率で相手をひるませる。相手が『ちいさくなる』を使用していると必ず命中し、威力が2倍になる。
444,ストーンエッジ,Stone Edge,Physical,rock,100,0.8,5,0,1,0,0,0,1,1,0.0,0,0,0,0,0.0,1,1,0,急所に当たりやすい(急所ランク:+1)。
449,さばきのつぶて,Judgment,Special,normal,100,1.0,10,0,0,0,0,0,1,1,0.0,0,0,0,0,0.0,1,1,0,持たせた『プレート』によって『タイプ』が変わる。
460,あくうせつだん,Spacial Rend,Special,dragon,100,0.95,5,0,1,0,0,0,1,1,0.0,0,0,0,0,0.0,1,1,0,急所に当たりやすい(急所ランク:+1)。
463,マグマストーム,Magma Storm,Special,fire,100,0.75,5,0,0,0,0,0,1,1,0.0,0,1,0,0,0.0,1,1,0,4～5ターンの間、毎ターン終了後最大HPの1/8のダメージを与え、その間『ゴースト』タイプではない相手は逃げたり交代できない。
517,れんごく,Inferno,Special,fire,100,0.5,5,0,0,0,0,0,1,1,0.0,0,0,0,0,0.0,1,1,0,100%の確率で相手を『やけど』状態にする。
540,サイコブレイク,Psystrike,Special,psychic,100,1.0,10,0,0,0,0,0,1,1,0.0,0,0,0,0,0.0,1,1,0,相手の『とくぼう』ではなく、相手の『ぼうぎょ』の能力値でダメージ計算する。
545,かえんだん,Searing Shot,Special,fire,100,1.0,5,0,0,0,0,0,1,1,0.0,0,0,0,0,0.0,1,1,0,
558,クロスフレイム,Fusion Flare,Special,fire,100,1.0,5,0,0,0,0,0,1,1,0.0,0,0,0,0,0.0,1,1,0,相手・味方を問わず同じターンに技『クロスサンダー』が使われていると、威力が2倍になる。
559,クロスサンダー,Fusion Bolt,Physical,electric,100,1.0,5,0,0,0,0,0,1,1,0.0,0,0,0,0,0.0,1,1,0,相手・味方を問わず同じターンに技『クロスフレイム』が使われていると、威力が2倍になる。
560,フライングプレス,Flying Press,Physical,fighting,100,0.95,10,0,0,0,1,0,1,1,0.0,0,0,0,0,0.0,1,1,0,この技は『かくとう』タイプであると同時に『ひこう』タイプでもある。相手が技『ちいさくなる』を使用していると必ず命中し、威力が2倍になる。
591,ダイヤストーム,Diamond Storm,Physical,rock,100,0.95,5,0,0,0,0,0,1,1,0.0,0,0,0,0,0.0,1,1,0,相手全体 50%の確率で自分の『ぼうぎょ』ランクが2段階上がる。
621,いじげんラッシュ,Hyperspace Fury,Physical,dark,100,1.0,5,0,0,0,0,0,1,1,0.0,0,0,0,0,0.0,0,1,0,相手の『まもる』『みきり』『たたみがえし』『トーチカ』『キングシールド』『ニードルガード』『ブロッキング』『スレッドトラップ』『かえんのまもり』の効果を受けない(『ダイウォール』を除く)。相手の『みがわり』状態を貫通する。攻撃後、自分の『ぼうぎょ』ランクが1段階下がる。なお、『ときはなたれしフーパ』以外のポケモンが使用した場合、失敗する。
665,アイスハンマー,Ice Hammer,Physical,ice,100,0.9,10,0,0,0,1,0,1,1,0.0,0,0,0,0,0.0,1,1,0,攻撃後、自分の『すばやさ』ランクが1段階下がる。特性『てつのこぶし』の時、威力が1.2倍になる。
687,コアパニッシャー,Core Enforcer,Special,dragon,100,1.0,10,0,0,0,0,0,1,1,0.0,0,0,0,0,0.0,1,1,0,
690,くちばしキャノン,Beak Blast,Physical,flying,100,1.0,15,-3,0,0,0,0,1,1,0.0,0,0,0,0,0.0,1,1,0,必ず後攻になる(優先度:-3)。技が発動する前に直接攻撃を受けると、そのポケモンを『やけど』状態にする。技はそのまま受ける。
713,メテオドライブ,Sunsteel Strike,Physical,steel,100,1.0,5,0,0,0,1,0,1,1,0.0,0,0,0,0,0.0,1,1,0,相手の特性の影響を受けずに攻撃する。
714,シャドーレイ,Moongeist Beam,Special,ghost,100,1.0,5,0,0,0,0,0,1,1,0.0,0,0,0,0,0.0,1,1,0,相手の特性の影響を受けずに攻撃する。
721,プラズマフィスト,Plasma Fists,Physical,electric,100,1.0,15,0,0,0,1,0,1,1,0.0,0,0,0,0,0.0,1,1,0,
722,フォトンゲイザー,Photon Geyser,Special,psychic,100,1.0,5,0,0,0,0,0,1,1,0.0,0,0,0,0,0.0,1,1,0,自分の『こうげき』と『とくこう』の能力値の高い方でダメージ計算する。また、相手の特性の影響を受けずに攻撃する。
744,ダイマックスほう,Dynamax Cannon,Special,dragon,100,1.0,5,0,0,0,0,0,1,1,0.0,0,0,0,0,0.0,1,1,0,通常攻撃。(第8世代では相手がダイマックスしていると、ダメージが2倍になる)
781,きょじゅうざん,Behemoth Blade,Physical,steel,100,1.0,5,0,0,0,1,0,1,1,0.0,0,0,0,0,0.0,1,1,0,通常攻撃。(第8世代では相手がダイマックスしていると、ダメージが2倍になる)
782,きょじゅうだん,Behemoth Bash,Physical,steel,100,1.0,5,0,0,0,1,0,1,1,0.0,0,0,0,0,0.0,1,1,0,通常攻撃。(第8世代では相手がダイマックスしていると、ダメージが2倍になる)
802,ミストバースト,Misty Explosion,Special,fairy,100,1.0,5,0,0,0,0,0,1,1,0.0,0,0,0,0,0.0,1,1,0,自分以外全体 攻撃後、自分が『ひんし』状態になる。場の状態が『ミストフィールド』で、自分が『ひこう』タイプや特性『ふゆう』などではなく地面にいる時、威力が1.5倍になる。
257,ねっぷう,Heat Wave,Special,fire,95,0.9,10,0,0,0,0,0,1,1,0.0,0,0,0,0,0.0,1,1,0,相手全体 10%の確率で相手を『やけど』状態にする。
482,ヘドロウェーブ,Sludge Wave,Special,poison,95,1.0,10,0,0,0,0,0,1,1,0.0,0,0,0,0,0.0,1,1,0,自分以外全体 10%の確率で相手を『どく』状態にする。
492,イカサマ,Foul Play,Physical,dark,95,1.0,15,0,0,0,1,0,1,1,0.0,0,0,0,0,0.0,1,1,0,自分の『こうげき』ではなく、相手の『こうげき』の能力値でダメージ計算する。
585,ムーンフォース,Moonblast,Special,fairy,95,1.0,15,0,0,0,0,0,1,1,0.0,0,0,0,0,0.0,1,1,0,30%の確率で相手の『とくこう』ランクを1段階下げる。
667,１０まんばりき,High Horsepower,Physical,ground,95,0.95,10,0,0,0,1,0,1,1,0.0,0,0,0,0,0.0,1,1,0,1体選択 通常攻撃。
19,そらをとぶ,Fly,Physical,flying,90,0.95,15,0,0,0,1,0,1,1,0.0,0,0,0,1,0.0,1,1,0,1ターン目に空中へ飛び上がり、2ターン目に攻撃する。空中にいる間は『うちおとす』『かぜおこし』『かみなり』『サウザンアロー』『スカイアッパー』『たつまき』『ぼうふう』以外の技を受けない。
36,とっしん,Take Down,Physical,normal,90,0.85,20,0,0,0,1,0,1,1,0.25,0,0,0,0,0.0,1,1,0,相手に与えたダメージの1/4を自分も受ける。
53,かえんほうしゃ,Flamethrower,Special,fire,90,1.0,15,0,0,0,0,0,1,1,0.0,0,0,0,0,0.0,1,1,0,10%の確率で相手を『やけど』状態にする。
57,なみのり,Surf,Special,water,90,1.0,15,0,0,0,0,0,1,1,0.0,0,0,0,0,0.0,1,1,0,自分以外全体 相手が『ダイビング』を使っている時でも命中し、ダメージが2倍になる。
58,れいとうビーム,Ice Beam,Special,ice,90,1.0,10,0,0,0,0,0,1,1,0.0,0,0,0,0,0.0,1,1,0,10%の確率で相手を『こおり』状態にする。
85,１０まんボルト,Thunderbolt,Special,electric,90,1.0,15,0,0,0,0,0,1,1,0.0,0,0,0,0,0.0,1,1,0,1体選択 10%の確率で相手を『まひ』状態にする。
94,サイコキネシス,Psychic,Special,psychic,90,1.0,10,0,0,0,0,0,1,1,0.0,0,0,0,0,0.0,1,1,0,10%の確率で相手の『とくぼう』ランクを1段階下げる。
188,ヘドロばくだん,Sludge Bomb,Special,poison,90,1.0,10,0,0,0,0,0,1,1,0.0,0,0,0,0,0.0,1,1,0,30%の確率で相手を『どく』状態にする。
253,さわぐ,Uproar,Special,normal,90,1.0,10,0,0,0,0,1,1,1,0.0,0,0,1,0,0.0,1,0,0,ランダム1体 3ターン連続で攻撃し、その間はすべてのポケモンが『ねむり』状態にならない。音系の技。相手の『みがわり』状態を貫通する。
304,ハイパーボイス,Hyper Voice,Special,normal,90,1.0,10,0,0,0,0,1,1,1,0.0,0,0,0,0,0.0,1,0,0,相手全体 音系の技。相手の『みがわり』状態を貫通する。
309,コメットパンチ,Meteor Mash,Physical,steel,90,0.9,10,0,0,0,1,0,1,1,0.0,0,0,0,0,0.0,1,1,0,20%の確率で自分の『こうげき』ランクが1段階上がる。特性『てつのこぶし』の時、威力が1.2倍になる。
330,だくりゅう,Muddy Water,Special,water,90,0.85,10,0,0,0,0,0,1,1,0.0,0,0,0,0,0.0,1,1,0,相手全体 30%の確率で相手の命中率を1段階下げる。
348,リーフブレード,Leaf Blade,Physical,grass,90,1.0,15,0,1,0,1,0,1,1,0.0,0,0,0,0,0.0,1,1,0,急所に当たりやすい(急所ランク:+1)。
401,アクアテール,Aqua Tail,Physical,water,90,0.9,10,0,0,0,1,0,1,1,0.0,0,0,0,0,0.0,1,1,0,通常攻撃。
405,むしのさざめき,Bug Buzz,Special,bug,90,1.0,10,0,0,0,0,1,1,1,0.0,0,0,0,0,0.0,1,0,0,10%の確率で相手の『とくぼう』ランクを1段階下げる。音系の技。相手の『みがわり』状態を貫通する。
412,エナジーボール,Energy Ball,Special,grass,90,1.0,10,0,0,0,0,0,1,1,0.0,0,0,0,0,0.0,1,1,0,10%の確率で相手の『とくぼう』ランクを1段階下げる。
414,だいちのちから,Earth Power,Special,ground,90,1.0,10,0,0,0,0,0,1,1,0.0,0,0,0,0,0.0,1,1,0,10%の確率で相手の『とくぼう』ランクを1段階下げる。
431,ロッククライム,Rock Climb,Physical,normal,90,0.85,20,0,0,0,1,0,1,1,0.0,0,1,0,0,0.0,1,1,0,
454,こうげきしれい,Attack Order,Physical,bug,90,1.0,15,0,1,0,0,0,1,1,0.0,0,0,0,0,0.0,1,1,0,急所に当たりやすい(急所ランク:+1)。
528,ワイルドボルト,Wild Charge,Physical,electric,90,1.0,15,0,0,0,1,0,1,1,0.25,0,0,0,0,0.0,1,1,0,相手に与えたダメージの1/4を自分も受ける。
533,せいなるつるぎ,Sacred Sword,Physical,fighting,90,1.0,15,0,0,0,1,0,1,1,0.0,0,0,0,0,0.0,1,1,0,相手の能力ランクの変化に関係なく、ダメージを与える。
566,ゴーストダイブ,Phantom Force,Physical,ghost,90,1.0,10,0,0,0,1,0,1,1,0.0,0,0,0,1,0.0,0,1,0,1ターン目に消えて、2ターン目に攻撃する。消えている間はほとんどの技を受けない。相手の『まもる』『みきり』『たたみがえし』『トーチカ』『キングシールド』『ニードルガード』『ブロッキング』『スレッドトラップ』『かえんのまもり』の効果を受けない(『ダイウォール』を除く)。(なお、第7世代以降は相手が『ちいさくなる』を使っている時の必中2倍効果はない)
572,はなふぶき,Petal Blizzard,Physical,grass,90,1.0,15,0,0,0,0,0,1,1,0.0,0,0,0,0,0.0,1,1,0,自分以外全体 通常攻撃。
583,じゃれつく,Play Rough,Physical,fairy,90,0.9,10,0,0,0,1,0,1,1,0.0,0,0,0,0,0.0,1,1,0,10%の確率で相手の『こうげき』ランクを1段階下げる。
614,サウザンアロー,Thousand Arrows,Physical,ground,90,1.0,10,0,0,0,0,0,1,1,0.0,0,0,0,0,0.0,1,1,0,
615,サウザンウェーブ,Thousand Waves,Physical,ground,90,1.0,10,0,0,0,0,0,1,1,0.0,0,0,0,0,0.0,1,1,0,
616,グランドフォース,Land’s Wrath,Physical,ground,90,1.0,10,0,0,0,0,0,1,1,0.0,0,0,0,0,0.0,1,1,0,
660,であいがしら,First Impression,Physical,bug,90,1.0,10,2,0,0,1,0,1,1,0.0,0,0,0,0,0.0,1,1,0,必ず先制できる(優先度:+2)。ただし、出た最初のターンしか成功しない。
664,うたかたのアリア,Sparkling Aria,Special,water,90,1.0,10,0,0,0,0,1,1,1,0.0,0,0,0,0,0.0,1,0,0,自分以外全体 相手の『やけど』状態を治す。音系の技。相手の『みがわり』状態を貫通する。
676,かふんだんご,Pollen Puff,Special,bug,90,1.0,15,0,0,0,0,0,1,1,0.0,0,0,0,0,0.0,1,1,0,味方に使った場合、ダメージではなく味方のHPを最大HPの1/2回復する。
686,めざめるダンス,Revelation Dance,Special,normal,90,1.0,15,0,0,0,0,0,1,1,0.0,0,0,0,0,0.0,1,1,0,この技の『タイプ』は、自分の『タイプ1』と同じになる。テラスタル時は、テラスタイプと同じタイプになる。
692,ドラゴンハンマー,Dragon Hammer,Physical,dragon,90,1.0,15,0,0,0,1,0,1,1,0.0,0,0,0,0,0.0,1,1,0,通常攻撃。
712,シャドースチール,Spectral Thief,Physical,ghost,90,1.0,10,0,0,0,1,0,1,1,0.0,0,0,0,0,0.0,1,1,0,
790,ワンダースチーム,Strange Steam,Special,fairy,90,0.95,10,0,0,0,0,0,1,1,0.0,0,1,0,0,0.0,1,1,0,20%の確率で相手を1～4ターンの間『こんらん』状態にする。
801,シェルアームズ,Shell Side Arm,Special,poison,90,1.0,10,0,0,0,0,0,1,1,0.0,0,0,0,0,0.0,1,1,0,この技の分類は、物理・特殊それぞれの場合のダメージを比較して、大きい方の分類で攻撃する(物理の場合は自分の『こうげき』と相手の『ぼうぎょ』でダメージ計算)。20%の確率で相手を『どく』状態にする。
821,いてつくしせん,Freezing Glare,Special,psychic,90,1.0,10,0,0,0,0,0,1,1,0.0,0,0,0,0,0.0,1,1,0,10%の確率で相手を『こおり』状態にする。
822,もえあがるいかり,Fiery Wrath,Special,dark,90,1.0,10,0,0,0,0,0,1,1,0.0,0,0,0,0,0.0,1,1,0,相手全体 20%の確率で相手をひるませる。
823,らいめいげり,Thunderous Kick,Physical,fighting,90,1.0,10,0,0,0,1,0,1,1,0.0,0,0,0,0,0.0,1,1,0,100%の確率で、相手の『ぼうぎょ』ランクを1段階下げる。
34,のしかかり,Body Slam,Physical,normal,85,1.0,15,0,0,0,1,0,1,1,0.0,0,0,0,0,0.0,1,1,0,30%の確率で相手を『まひ』状態にする。相手が技『ちいさくなる』を使用していると必ず命中し、威力が2倍になる。
299,ブレイズキック,Blaze Kick,Physical,fire,85,0.9,10,0,1,0,1,0,1,1,0.0,0,0,0,0,0.0,1,1,0,10%の確率で相手を『やけど』状態にする。急所に当たりやすい(急所ランク:+1)。
327,スカイアッパー,Sky Uppercut,Physical,fighting,85,0.9,15,0,0,0,1,0,1,1,0.0,0,0,0,0,0.0,1,1,0,
340,とびはねる,Bounce,Physical,flying,85,0.85,5,0,0,0,1,0,1,1,0.0,0,0,0,1,0.0,1,1,0,1ターン目に空中へ飛び上がり、2ターン目に攻撃する。空中にいる間は『うちおとす』『かぜおこし』『かみなり』『サウザンアロー』『スカイアッパー』『たつまき』『ぼうふう』以外の技を受けない。30%の確率で相手を『まひ』状態にする。
406,りゅうのはどう,Dragon Pulse,Special,dragon,85,1.0,10,0,0,0,0,0,1,1,0.0,0,0,0,0,0.0,1,1,0,通常攻撃。
539,ナイトバースト,Night Daze,Special,dark,85,0.95,10,0,0,0,0,0,1,1,0.0,0,0,0,0,0.0,1,1,0,40%の確率で相手の命中率を1段階下げる。
548,しんぴのつるぎ,Secret Sword,Special,fighting,85,1.0,10,0,0,0,0,0,1,1,0.0,0,0,0,0,0.0,1,1,0,相手の『とくぼう』ではなく、相手の『ぼうぎょ』の能力値でダメージ計算する。
556,つららおとし,Icicle Crash,Physical,ice,85,0.9,10,0,0,0,0,0,1,1,0.0,0,0,0,0,0.0,1,1,0,30%の確率で相手をひるませる。
663,ＤＤラリアット,Darkest Lariat,Physical,dark,85,1.0,10,0,0,0,1,0,1,1,0.0,0,0,0,0,0.0,1,1,0,1体選択 相手の能力ランクの変化に関係なく、ダメージを与える。
706,サイコファング,Psychic Fangs,Physical,psychic,85,1.0,10,0,0,0,1,0,1,1,0.0,0,0,0,0,0.0,1,1,0,相手の技『リフレクター』『オーロラベール』の効果を受けず、相手の技『リフレクター』『ひかりのかべ』『オーロラベール』を壊す。
708,シャドーボーン,Shadow Bone,Physical,ghost,85,1.0,10,0,0,0,0,0,1,1,0.0,0,0,0,0,0.0,1,1,0,
710,アクアブレイク,Liquidation,Physical,water,85,1.0,10,0,0,0,1,0,1,1,0.0,0,0,0,0,0.0,1,1,0,20%の確率で、相手の『ぼうぎょ』ランクを1段階下げる。
754,でんげきくちばし,Bolt Beak,Physical,electric,85,1.0,10,0,0,0,1,0,1,1,0.0,0,0,0,0,0.0,1,1,0,
755,エラがみ,Fishious Rend,Physical,water,85,1.0,10,0,0,0,1,0,1,1,0.0,0,0,0,0,0.0,1,1,0,
5,メガトンパンチ,Mega Punch,Physical,normal,80,0.85,20,0,0,0,1,0,1,1,0.0,0,0,0,0,0.0,1,1,0,通常攻撃。特性『てつのこぶし』の時、威力が1.2倍になる。
13,かまいたち,Razor Wind,Special,normal,80,1.0,10,0,1,0,0,0,1,1,0.0,0,0,0,1,0.0,1,1,0,
21,たたきつける,Slam,Physical,normal,80,0.75,20,0,0,0,1,0,1,1,0.0,0,0,0,0,0.0,1,1,0,通常攻撃。
65,ドリルくちばし,Drill Peck,Physical,flying,80,1.0,20,0,0,0,1,0,1,1,0.0,0,0,0,0,0.0,1,1,0,通常攻撃。
66,じごくぐるま,Submission,Physical,fighting,80,0.8,20,0,0,0,1,0,1,1,0.25,0,0,0,0,0.0,1,1,0,
70,かいりき,Strength,Physical,normal,80,1.0,15,0,0,0,1,0,1,1,0.0,0,0,0,0,0.0,1,1,0,通常攻撃。
91,あなをほる,Dig,Physical,ground,80,1.0,10,0,0,0,1,0,1,1,0.0,0,0,0,1,0.0,1,1,0,1ターン目に地中に潜り、2ターン目に攻撃する。地中にいる間は『じしん』『マグニチュード』以外の技を受けない。
127,たきのぼり,Waterfall,Physical,water,80,1.0,15,0,0,0,1,0,1,1,0.0,0,0,0,0,0.0,1,1,0,20%の確率で相手をひるませる。
141,きゅうけつ,Leech Life,Physical,bug,80,1.0,10,0,0,0,1,0,1,1,0.0,0,0,0,0,0.0,1,1,0,相手に与えたダメージの半分だけ自分のHPが回復する。
158,ひっさつまえば,Hyper Fang,Physical,normal,80,0.9,15,0,0,0,1,0,1,1,0.0,0,0,0,0,0.0,1,1,0,
161,トライアタック,Tri Attack,Special,normal,80,1.0,10,0,0,0,0,0,1,1,0.0,0,0,0,0,0.0,1,1,0,20%の確率で相手を『まひ』『やけど』『こおり』状態のうちの1つにする。どの状態異常になるかはランダム。
242,かみくだく,Crunch,Physical,dark,80,1.0,15,0,0,0,1,0,1,1,0.0,0,0,0,0,0.0,1,1,0,20%の確率で相手の『ぼうぎょ』ランクを1段階下げる。
245,しんそく,Extreme Speed,Physical,normal,80,1.0,5,2,0,0,1,0,1,1,0.0,0,0,0,0,0.0,1,1,0,必ず先制できる(優先度:+2)。
247,シャドーボール,Shadow Ball,Special,ghost,80,1.0,15,0,0,0,0,0,1,1,0.0,0,0,0,0,0.0,1,1,0,20%の確率で相手の『とくぼう』ランクを1段階下げる。
291,ダイビング,Dive,Physical,water,80,1.0,10,0,0,0,1,0,1,1,0.0,0,0,0,1,0.0,1,1,0,1ターン目に水中へ潜り、2ターン目に攻撃する。水中にいる間は『なみのり』『うずしお』以外の技を受けない。
326,じんつうりき,Extrasensory,Special,psychic,80,1.0,20,0,0,0,0,0,1,1,0.0,0,0,0,0,0.0,1,1,0,10%の確率で相手をひるませる。
337,ドラゴンクロー,Dragon Claw,Physical,dragon,80,1.0,15,0,0,0,1,0,1,1,0.0,0,0,0,0,0.0,1,1,0,通常攻撃。
396,はどうだん,Aura Sphere,Special,fighting,80,1.0,20,0,0,0,0,0,1,1,0.0,0,0,0,0,0.0,1,1,0,自分の命中率、相手の回避率に関係なく必ず命中する。
398,どくづき,Poison Jab,Physical,poison,80,1.0,20,0,0,0,1,0,1,1,0.0,0,0,0,0,0.0,1,1,0,30%の確率で相手を『どく』状態にする。
399,あくのはどう,Dark Pulse,Special,dark,80,1.0,15,0,0,0,0,0,1,1,0.0,0,0,0,0,0.0,1,1,0,20%の確率で相手をひるませる。
402,タネばくだん,Seed Bomb,Physical,grass,80,1.0,15,0,0,0,0,0,1,1,0.0,0,0,0,0,0.0,1,1,0,通常攻撃。
404,シザークロス,X-Scissor,Physical,bug,80,1.0,15,0,0,0,1,0,1,1,0.0,0,0,0,0,0.0,1,1,0,通常攻撃。
408,パワージェム,Power Gem,Special,rock,80,1.0,20,0,0,0,0,0,1,1,0.0,0,0,0,0,0.0,1,1,0,通常攻撃。
428,しねんのずつき,Zen Headbutt,Physical,psychic,80,0.9,15,0,0,0,1,0,1,1,0.0,0,0,0,0,0.0,1,1,0,20%の確率で相手をひるませる。
430,ラスターカノン,Flash Cannon,Special,steel,80,1.0,10,0,0,0,0,0,1,1,0.0,0,0,0,0,0.0,1,1,0,10%の確率で相手の『とくぼう』ランクを1段階下げる。
435,ほうでん,Discharge,Special,electric,80,1.0,15,0,0,0,0,0,1,1,0.0,0,0,0,0,0.0,1,1,0,自分以外全体 30%の確率で相手を『まひ』状態にする。
436,ふんえん,Lava Plume,Special,fire,80,1.0,15,0,0,0,0,0,1,1,0.0,0,0,0,0,0.0,1,1,0,自分以外全体 30%の確率で相手を『やけど』状態にする。
442,アイアンヘッド,Iron Head,Physical,steel,80,1.0,15,0,0,0,1,0,1,1,0.0,0,0,0,0,0.0,1,1,0,30%の確率で相手をひるませる。
473,サイコショック,Psyshock,Special,psychic,80,1.0,10,0,0,0,0,0,1,1,0.0,0,0,0,0,0.0,1,1,0,相手の『とくぼう』ではなく、相手の『ぼうぎょ』の能力値でダメージ計算する。
503,ねっとう,Scald,Special,water,80,1.0,15,0,0,0,0,0,1,1,0.0,0,0,0,0,0.0,1,1,0,30%の確率で相手を『やけど』状態にする。自分が『こおり』状態の時でも使う事ができ、使うと『こおり』状態が治る。また、相手の『こおり』状態を治す。
518,みずのちかい,Water Pledge,Special,water,80,1.0,10,0,0,0,0,0,1,1,0.0,0,0,0,0,0.0,1,1,0,ダブルバトルで、技『ほのおのちかい』と組み合わせて使用すると4ターンの間技の追加効果が出やすくなり、技『くさのちかい』と組み合わせて使用すると4ターンの間相手の『すばやさ』が下がる。また、威力が150になる。この技は、特性『よびみず』の攻撃対象を変更する効果の影響を受けずに攻撃できる。
519,ほのおのちかい,Fire Pledge,Special,fire,80,1.0,10,0,0,0,0,0,1,1,0.0,0,0,0,0,0.0,1,1,0,ダブルバトルで、技『くさのちかい』と組み合わせて使用すると4ターンの間毎ターン『ほのお』タイプ以外の相手にダメージを与え、技『みずのちかい』と組み合わせて使用すると4ターンの間技の追加効果が出やすくなる。また、威力が150になる。
520,くさのちかい,Grass Pledge,Special,grass,80,1.0,10,0,0,0,0,0,1,1,0.0,0,0,0,0,0.0,1,1,0,ダブルバトルで、技『ほのおのちかい』と組み合わせて使用すると4ターンの間毎ターン『ほのお』タイプ以外の相手にダメージを与え、技『みずのちかい』と組み合わせて使用すると4ターンの間相手の『すばやさ』が下がる。また、威力が150になる。
529,ドリルライナー,Drill Run,Physical,ground,80,0.95,10,0,1,0,1,0,1,1,0.0,0,0,0,0,0.0,1,1,0,急所に当たりやすい(急所ランク:+1)。
552,ほのおのまい,Fiery Dance,Special,fire,80,1.0,10,0,0,0,0,0,1,1,0.0,0,0,0,0,0.0,1,1,0,50%の確率で自分の『とくこう』ランクが1段階上がる。
593,いじげんホール,Hyperspace Hole,Special,psychic,80,1.0,5,0,0,0,0,0,1,1,0.0,0,0,0,0,0.0,0,1,0,相手の『まもる』『みきり』『たたみがえし』『トーチカ』『キングシールド』『ニードルガード』『ブロッキング』『スレッドトラップ』『かえんのまもり』の効果を受けない(『ダイウォール』を除く)。相手の『みがわり』状態を貫通する。
605,マジカルシャイン,Dazzling Gleam,Special,fairy,80,1.0,10,0,0,0,0,0,1,1,0.0,0,0,0,0,0.0,1,1,0,相手全体 通常攻撃。
613,デスウイング,Oblivion Wing,Special,flying,80,1.0,10,0,0,0,0,0,1,1,0.0,0,0,0,0,0.0,1,1,0,
662,かげぬい,Spirit Shackle,Physical,ghost,80,1.0,10,0,0,0,0,0,1,1,0.0,0,0,0,0,0.0,1,1,0,1体選択『ゴースト』タイプではない相手は逃げたり、交代できなくなる。自分が場を離れると効果は消える。
675,じごくづき,Throat Chop,Physical,dark,80,1.0,15,0,0,0,1,0,1,1,0.0,0,1,0,0,0.0,1,1,0,相手は2ターンの間、音系の技『いにしえのうた』『いびき』『いやしのすず』『いやなおと』『うたう』『うたかたのアリア』『エコーボイス』『おしゃべり』『おたけび』『きんぞくおん』『くさぶえ』『さわぐ』『スケイルノイズ』『すてゼリフ』『チャームボイス』『ちょうおんぱ』『とおぼえ』『ないしょばなし』『なきごえ』『バークアウト』『ハイパーボイス』『ばくおんぱ』『ほえる』『ほろびのうた』『むしのさざめき』『りんしょう』『ソウルビート』『オーバードライブ』『ぶきみなじゅもん』『フレアソング』『みわくのボイス』『サイコノイズ』を使えなくなる。
677,アンカーショット,Anchor Shot,Physical,steel,80,1.0,20,0,0,0,1,0,1,1,0.0,0,0,0,0,0.0,1,1,0,
679,とびかかる,Lunge,Physical,bug,80,1.0,15,0,0,0,1,0,1,1,0.0,0,0,0,0,0.0,1,1,0,100%の確率で相手の『こうげき』ランクを1段階下げる。
680,ほのおのムチ,Fire Lash,Physical,fire,80,1.0,15,0,0,0,1,0,1,1,0.0,0,0,0,0,0.0,1,1,0,100%の確率で相手の『ぼうぎょ』ランクを1段階下げる。
716,びりびりちくちく,Zing Zap,Physical,electric,80,1.0,10,0,0,0,1,0,1,1,0.0,0,0,0,0,0.0,1,1,0,30%の確率で相手をひるませる。
745,ねらいうち,Snipe Shot,Special,water,80,1.0,15,0,1,0,0,0,1,1,0.0,0,0,0,0,0.0,1,1,0,急所に当たりやすい(急所ランク:+1)。特性『ひらいしん』『よびみず』や技『いかりのこな』『このゆびとまれ』『サイドチェンジ』『スポットライト』の攻撃対象を変更する効果の影響を受けずに攻撃できる。
746,くらいつく,Jaw Lock,Physical,dark,80,1.0,10,0,0,0,1,0,1,1,0.0,0,0,0,0,0.0,1,1,0,自分と相手のどちらかが『ひんし』になるまで、どちらも逃げたり交代できなくなる。自分か相手が『ゴースト』タイプの場合は追加効果はない。
776,ボディプレス,Body Press,Physical,fighting,80,1.0,10,0,0,0,1,0,1,1,0.0,0,0,0,0,0.0,1,1,0,1体選択『こうげき』ではなく、自分の『ぼうぎょ』と『ぼうぎょ』ランクを『こうげき』の数値にしてダメージ計算する。
778,ドラムアタック,Drum Beating,Physical,grass,80,1.0,10,0,0,0,0,0,1,1,0.0,0,0,0,0,0.0,1,1,0,100%の確率で相手の『すばやさ』ランクを1段階下げる。
786,オーバードライブ,Overdrive,Special,electric,80,1.0,10,0,0,0,0,1,1,1,0.0,0,0,0,0,0.0,1,0,0,相手全体 音系の技。相手の『みがわり』状態を貫通する。
787,りんごさん,Apple Acid,Special,grass,80,1.0,10,0,0,0,0,0,1,1,0.0,0,0,0,0,0.0,1,1,0,100%の確率で相手の『とくぼう』ランクを1段階下げる。
788,Ｇのちから,Grav Apple,Physical,grass,80,1.0,10,0,0,0,0,0,1,1,0.0,0,0,0,0,0.0,1,1,0,1体選択 100%の確率で相手の『ぼうぎょ』ランクを1段階下げる。場が『じゅうりょく』状態の時、威力が1.5倍になる。
793,どげざつき,False Surrender,Physical,dark,80,1.0,10,0,0,0,1,0,1,1,0.0,0,0,0,0,0.0,1,1,0,自分の命中率、相手の回避率に関係なく必ず命中する
797,ワイドフォース,Expanding Force,Special,psychic,80,1.0,10,0,0,0,0,0,1,1,0.0,0,0,0,0,0.0,1,1,0,場の状態が『サイコフィールド』で、自分が『ひこう』タイプや特性『ふゆう』などではなく地面にいる時、威力が1.5倍になり(フィールドの1.3倍の効果もさらに加わる)、また相手全体を攻撃する(その時ダブルバトルではダメージは0.75倍)。
817,あんこくきょうだ,Wicked Blow,Physical,dark,80,1.0,5,0,6,0,1,0,1,1,0.0,0,0,0,0,0.0,1,1,0,必ず急所に当たる。特性『てつのこぶし』の時、威力が1.2倍になる。
819,サンダープリズン,Thunder Cage,Special,electric,80,0.9,15,0,0,0,0,0,1,1,0.0,0,1,0,0,0.0,1,1,0,4～5ターンの間、毎ターン終了後最大HPの1/8のダメージを与え、その間『ゴースト』タイプではない相手は逃げたり交代できない。
826,ぶきみなじゅもん,Eerie Spell,Special,psychic,80,1.0,5,0,0,0,0,1,1,1,0.0,0,0,0,0,0.0,1,0,0,相手の最後に使った技のPPを3減らす。音系の技。相手の『みがわり』状態を貫通する。
7,ほのおのパンチ,Fire Punch,Physical,fire,75,1.0,15,0,0,0,1,0,1,1,0.0,0,0,0,0,0.0,1,1,0,10%の確率で相手を『やけど』状態にする。特性『てつのこぶし』の時、威力が1.2倍になる。
8,れいとうパンチ,Ice Punch,Physical,ice,75,1.0,15,0,0,0,1,0,1,1,0.0,0,0,0,0,0.0,1,1,0,10%の確率で相手を『こおり』状態にする。特性『てつのこぶし』の時、威力が1.2倍になる。
9,かみなりパンチ,Thunder Punch,Physical,electric,75,1.0,15,0,0,0,1,0,1,1,0.0,0,0,0,0,0.0,1,1,0,10%の確率で相手を『まひ』状態にする。特性『てつのこぶし』の時、威力が1.2倍になる。
157,いわなだれ,Rock Slide,Physical,rock,75,0.9,10,0,0,0,0,0,1,1,0.0,0,0,0,0,0.0,1,1,0,相手全体 30%の確率で相手をひるませる。
202,ギガドレイン,Giga Drain,Special,grass,75,1.0,10,0,0,0,0,0,1,1,0.0,0,0,0,0,0.0,1,1,0,相手に与えたダメージの半分だけ自分のHPが回復する。
280,かわらわり,Brick Break,Physical,fighting,75,1.0,15,0,0,0,1,0,1,1,0.0,0,0,0,0,0.0,1,1,0,相手の技『リフレクター』『オーロラベール』の効果を受けず、相手の技『リフレクター』『ひかりのかべ』『オーロラベール』を壊す。
306,ブレイククロー,Crush Claw,Physical,normal,75,0.95,10,0,0,0,1,0,1,1,0.0,0,0,0,0,0.0,1,1,0,50%の確率で相手の『ぼうぎょ』ランクを1段階下げる。
324,シグナルビーム,Signal Beam,Special,bug,75,1.0,15,0,0,0,0,0,1,1,0.0,0,1,0,0,0.0,1,1,0,
403,エアスラッシュ,Air Slash,Special,flying,75,0.95,15,0,0,0,0,0,1,1,0.0,0,0,0,0,0.0,1,1,0,30%の確率で相手をひるませる。
409,ドレインパンチ,Drain Punch,Physical,fighting,75,1.0,10,0,0,0,1,0,1,1,0.0,0,0,0,0,0.0,1,1,0,相手に与えたダメージの半分だけ自分のHPが回復する。特性『てつのこぶし』の時、威力が1.2倍になる。
532,ウッドホーン,Horn Leech,Physical,grass,75,1.0,10,0,0,0,1,0,1,1,0.0,0,0,0,0,0.0,1,1,0,相手に与えたダメージの半分だけ自分のHPが回復する。
534,シェルブレード,Razor Shell,Physical,water,75,0.95,10,0,0,0,1,0,1,1,0.0,0,0,0,0,0.0,1,1,0,50%の確率で相手の『ぼうぎょ』ランクを1段階下げる。
547,いにしえのうた,Relic Song,Special,normal,75,1.0,10,0,0,0,0,1,1,1,0.0,0,1,0,0,0.0,1,0,0,相手全体 それぞれ10%の確率で相手を2～4ターン(実質1～3ターン)の間『ねむり』状態にする。音系の技。相手の『みがわり』状態を貫通する。
595,マジカルフレイム,Mystical Fire,Special,fire,75,1.0,10,0,0,0,0,0,1,1,0.0,0,0,0,0,0.0,1,1,0,100%の確率で相手の『とくこう』ランクを1段階下げる。
707,じだんだ,Stomping Tantrum,Physical,ground,75,1.0,10,0,0,0,1,0,1,1,0.0,0,0,0,0,0.0,1,1,0,前のターンで自分が使った技が外れたり失敗したり、『まひ』『こんらん』『ひるみ』状態などで行動できなかった場合、威力が2倍になる。
789,ソウルクラッシュ,Spirit Break,Physical,fairy,75,1.0,15,0,0,0,1,0,1,1,0.0,0,0,0,0,0.0,1,1,0,100%の確率で相手の『とくこう』ランクを1段階下げる。
808,うっぷんばらし,Lash Out,Physical,dark,75,1.0,5,0,0,0,1,0,1,1,0.0,0,0,0,0,0.0,1,1,0,そのターンの間に自分の能力ランクを下げられていると、威力が2倍になる(通常は後攻で攻撃する必要があるが、場に出た時に能力ランクを下げられた場合も対象となる)。
29,ずつき,Headbutt,Physical,normal,70,1.0,15,0,0,0,1,0,1,1,0.0,0,0,0,0,0.0,1,1,0,30%の確率で相手をひるませる。
146,ピヨピヨパンチ,Dizzy Punch,Physical,normal,70,1.0,10,0,0,0,1,0,1,1,0.0,0,1,0,0,0.0,1,1,0,
163,きりさく,Slash,Physical,normal,70,1.0,20,0,1,0,1,0,1,1,0.0,0,0,0,0,0.0,1,1,0,急所に当たりやすい(急所ランク:+1)。
211,はがねのつばさ,Steel Wing,Physical,steel,70,0.9,25,0,0,0,1,0,1,1,0.0,0,0,0,0,0.0,1,1,0,10%の確率で自分の『ぼうぎょ』ランクが1段階上がる。
233,あてみなげ,Vital Throw,Physical,fighting,70,1.0,10,-1,0,0,1,0,1,1,0.0,0,0,0,0,0.0,1,1,0,
263,からげんき,Facade,Physical,normal,70,1.0,20,0,0,0,1,0,1,1,0.0,0,0,0,0,0.0,1,1,0,自分が『どく』『まひ』『やけど』状態の時、威力が2倍になる。『やけど』による『こうげき』の半減の影響を受けない。
265,きつけ,Smelling Salts,Physical,normal,70,1.0,10,0,0,0,1,0,1,1,0.0,0,0,0,0,0.0,1,1,0,
290,ひみつのちから,Secret Power,Physical,normal,70,1.0,20,0,0,0,0,0,1,1,0.0,0,0,0,0,0.0,1,1,0,
295,ラスターパージ,Luster Purge,Special,psychic,70,1.0,5,0,0,0,0,0,1,1,0.0,0,0,0,0,0.0,1,1,0,50%の確率で相手の『とくぼう』ランクを1段階下げる。
296,ミストボール,Mist Ball,Special,psychic,70,1.0,5,0,0,0,0,0,1,1,0.0,0,0,0,0,0.0,1,1,0,50%の確率で相手の『とくこう』ランクを1段階下げる。
358,めざましビンタ,Wake-Up Slap,Physical,fighting,70,1.0,10,0,0,0,1,0,1,1,0.0,0,0,0,0,0.0,1,1,0,
369,とんぼがえり,U-turn,Physical,bug,70,1.0,20,0,0,0,1,0,1,1,0.0,0,0,0,0,0.0,1,1,0,攻撃後、手持ちのポケモンと入れ替わる。
389,ふいうち,Sucker Punch,Physical,dark,70,1.0,5,1,0,0,1,0,1,1,0.0,0,0,0,0,0.0,1,1,0,必ず先制できる(優先度:+1)。そのターン相手が選んだ技が攻撃技ではない場合や、優先度などの関係ですでに攻撃を終えていた場合は失敗する。相手が『ねむり』『こおり』状態でも攻撃技を選択していれば成功する。
400,つじぎり,Night Slash,Physical,dark,70,1.0,15,0,1,0,1,0,1,1,0.0,0,0,0,0,0.0,1,1,0,急所に当たりやすい(急所ランク:+1)。
421,シャドークロー,Shadow Claw,Physical,ghost,70,1.0,15,0,1,0,1,0,1,1,0.0,0,0,0,0,0.0,1,1,0,急所に当たりやすい(急所ランク:+1)。
427,サイコカッター,Psycho Cut,Physical,psychic,70,1.0,20,0,1,0,0,0,1,1,0.0,0,0,0,0,0.0,1,1,0,急所に当たりやすい(急所ランク:+1)。
440,クロスポイズン,Cross Poison,Physical,poison,70,1.0,20,0,1,0,1,0,1,1,0.0,0,0,0,0,0.0,1,1,0,10%の確率で相手を『どく』状態にする。急所に当たりやすい(急所ランク:+1)。
481,はじけるほのお,Flame Burst,Special,fire,70,1.0,15,0,0,0,0,0,1,1,0.0,0,0,0,0,0.0,1,1,0,
498,なしくずし,Chip Away,Physical,normal,70,1.0,20,0,0,0,1,0,1,1,0.0,0,0,0,0,0.0,1,1,0,
514,かたきうち,Retaliate,Physical,normal,70,1.0,5,0,0,0,1,0,1,1,0.0,0,0,0,0,0.0,1,1,0,前のターンに味方のポケモンが倒されていると威力が2倍になる。
521,ボルトチェンジ,Volt Switch,Special,electric,70,1.0,20,0,0,0,0,0,1,1,0.0,0,0,0,0,0.0,1,1,0,攻撃後、手持ちのポケモンと入れ替わる。
573,フリーズドライ,Freeze-Dry,Special,ice,70,1.0,20,0,0,0,0,0,1,1,0.0,0,0,0,0,0.0,1,1,0,10%の確率で相手を『こおり』状態にする。この技は『みず』タイプにも効果抜群になる。
684,スマートホーン,Smart Strike,Physical,steel,70,1.0,10,0,0,0,1,0,1,1,0.0,0,0,0,0,0.0,1,1,0,自分の命中率、相手の回避率に関係なく必ず命中する。
688,トロピカルキック,Trop Kick,Physical,grass,70,1.0,15,0,0,0,1,0,1,1,0.0,0,0,0,0,0.0,1,1,0,100%の確率で相手の『こうげき』ランクを1段階下げる。
803,グラススライダー,Grassy Glide,Physical,grass,70,1.0,20,0,0,0,1,0,1,1,0.0,0,0,0,0,0.0,1,1,0,場の状態が『グラスフィールド』で、自分が『ひこう』タイプや特性『ふゆう』などではなく地面にいる時、必ず先制できる(優先度:+1)。
804,ライジングボルト,Rising Voltage,Special,electric,70,1.0,20,0,0,0,0,0,1,1,0.0,0,0,0,0,0.0,1,1,0,場の状態が『エレキフィールド』で、なおかつ相手が『ひこう』タイプや特性『ふゆう』などではなく地面にいる時、威力が2倍になる(自分も地面にいれば、フィールドの1.3倍の効果もさらに加わる)。
806,はいよるいちげき,Skitter Smack,Physical,bug,70,0.9,10,0,0,0,1,0,1,1,0.0,0,0,0,0,0.0,1,1,0,100%の確率で、相手の『とくこう』ランクを1段階下げる
807,しっとのほのお,Burning Jealousy,Special,fire,70,1.0,5,0,0,0,0,0,1,1,0.0,0,0,0,0,0.0,1,1,0,相手全体 100%の確率で、そのターンの間に能力ランクが上がった相手ポケモンを『やけど』状態にする(通常は後攻で攻撃する必要があるが、場に出た時に能力ランクが上がった場合も対象となる)。
815,ねっさのだいち,Scorching Sands,Special,ground,70,1.0,10,0,0,0,0,0,1,1,0.0,0,0,0,0,0.0,1,1,0,30%の確率で相手を『やけど』状態にする。自分が『こおり』状態の時でも使う事ができ、使うと『こおり』状態が治る。
23,ふみつけ,Stomp,Physical,normal,65,1.0,20,0,0,0,1,0,1,1,0.0,0,0,0,0,0.0,1,1,0,30%の確率で相手をひるませる。相手が技『ちいさくなる』を使用していると必ず命中し、威力が2倍になる。
30,つのでつく,Horn Attack,Physical,normal,65,1.0,25,0,0,0,1,0,1,1,0.0,0,0,0,0,0.0,1,1,0,通常攻撃。
60,サイケこうせん,Psybeam,Special,psychic,65,1.0,20,0,0,0,0,0,1,1,0.0,0,1,0,0,0.0,1,1,0,10%の確率で相手を1～4ターンの間『こんらん』状態にする。
61,バブルこうせん,Bubble Beam,Special,water,65,1.0,20,0,0,0,0,0,1,1,0.0,0,0,0,0,0.0,1,1,0,10%の確率で相手の『すばやさ』ランクを1段階下げる。
62,オーロラビーム,Aurora Beam,Special,ice,65,1.0,20,0,0,0,0,0,1,1,0.0,0,0,0,0,0.0,1,1,0,10%の確率で相手の『こうげき』ランクを1段階下げる。
124,ヘドロこうげき,Sludge,Special,poison,65,1.0,20,0,0,0,0,0,1,1,0.0,0,0,0,0,0.0,1,1,0,30%の確率で相手を『どく』状態にする。
125,ホネこんぼう,Bone Club,Physical,ground,65,0.85,20,0,0,0,0,0,1,1,0.0,0,0,0,0,0.0,1,1,0,
190,オクタンほう,Octazooka,Special,water,65,0.85,10,0,0,0,0,0,1,1,0.0,0,0,0,0,0.0,1,1,0,
209,スパーク,Spark,Physical,electric,65,1.0,20,0,0,0,1,0,1,1,0.0,0,0,0,0,0.0,1,1,0,30%の確率で相手を『まひ』状態にする。
282,はたきおとす,Knock Off,Physical,dark,65,1.0,20,0,0,0,1,0,1,1,0.0,0,0,0,0,0.0,1,1,0,相手が道具を持っている場合、ダメージが1.5倍になり、さらに道具を持っていない状態にする。戦闘終了後、道具は元に戻る。
362,しおみず,Brine,Special,water,65,1.0,10,0,0,0,0,0,1,1,0.0,0,0,0,0,0.0,1,1,0,相手のHPが最大HPの半分以下の時、威力が2倍になる。
422,かみなりのキバ,Thunder Fang,Physical,electric,65,0.95,15,0,0,0,1,0,1,1,0.0,0,0,0,0,0.0,1,1,0,10%の確率で相手を『まひ』状態にするか、ひるませる。
423,こおりのキバ,Ice Fang,Physical,ice,65,0.95,15,0,0,0,1,0,1,1,0.0,0,0,0,0,0.0,1,1,0,10%の確率で相手を『こおり』状態にするか、ひるませる。
424,ほのおのキバ,Fire Fang,Physical,fire,65,0.95,15,0,0,0,1,0,1,1,0.0,0,0,0,0,0.0,1,1,0,10%の確率で相手を『やけど』状態にするか、ひるませる。
426,どろばくだん,Mud Bomb,Special,ground,65,0.85,10,0,0,0,0,0,1,1,0.0,0,0,0,0,0.0,1,1,0,
429,ミラーショット,Mirror Shot,Special,steel,65,0.85,10,0,0,0,0,0,1,1,0.0,0,0,0,0,0.0,1,1,0,
448,おしゃべり,Chatter,Special,flying,65,1.0,20,0,0,0,0,1,1,1,0.0,0,1,0,0,0.0,1,0,0,
474,ベノムショック,Venoshock,Special,poison,65,1.0,10,0,0,0,0,0,1,1,0.0,0,0,0,0,0.0,1,1,0,相手が『どく』状態の時、威力が2倍になる。
490,ローキック,Low Sweep,Physical,fighting,65,1.0,20,0,0,0,1,0,1,1,0.0,0,0,0,0,0.0,1,1,0,100%の確率で相手の『すばやさ』ランクを1段階下げる。
506,たたりめ,Hex,Special,ghost,65,1.0,10,0,0,0,0,0,1,1,0.0,0,0,0,0,0.0,1,1,0,相手が状態異常の時、威力が2倍になる。
536,グラスミキサー,Leaf Tornado,Special,grass,65,0.9,10,0,0,0,0,0,1,1,0.0,0,0,0,0,0.0,1,1,0,
537,ハードローラー,Steamroller,Physical,bug,65,1.0,20,0,0,0,1,0,1,1,0.0,0,0,0,0,0.0,1,1,0,
549,こごえるせかい,Glaciate,Special,ice,65,0.95,10,0,0,0,0,0,1,1,0.0,0,0,0,0,0.0,1,1,0,相手全体 100%の確率で相手の『すばやさ』ランクを1段階下げる。
570,パラボラチャージ,Parabolic Charge,Special,electric,65,1.0,20,0,0,0,0,0,1,1,0.0,0,0,0,0,0.0,1,1,0,自分以外全体 相手に与えたダメージの半分だけ自分のHPが回復する。
17,つばさでうつ,Wing Attack,Physical,flying,60,1.0,35,0,0,0,1,0,1,1,0.0,0,0,0,0,0.0,1,1,0,通常攻撃。
27,まわしげり,Rolling Kick,Physical,fighting,60,0.85,15,0,0,0,1,0,1,1,0.0,0,0,0,0,0.0,1,1,0,
44,かみつく,Bite,Physical,dark,60,1.0,25,0,0,0,1,0,1,1,0.0,0,0,0,0,0.0,1,1,0,30%の確率で相手をひるませる。
129,スピードスター,Swift,Special,normal,60,1.0,20,0,0,0,0,0,1,1,0.0,0,0,0,0,0.0,1,1,0,相手全体 自分の命中率、相手の回避率に関係なく必ず命中する。
168,どろぼう,Thief,Physical,dark,60,1.0,25,0,0,0,1,0,1,1,0.0,0,0,0,0,0.0,1,1,0,相手が持っている道具を自分の物にする。自分が既に道具を持っている場合は失敗するが、技『はたきおとす』で自分の道具が無効化されている時は奪う事ができ、道具は上書きされる。トレーナー戦の場合はバトル終了後になくなる。
172,かえんぐるま,Flame Wheel,Physical,fire,60,1.0,25,0,0,0,1,0,1,1,0.0,0,0,0,0,0.0,1,1,0,10%の確率で相手を『やけど』状態にする。自分が『こおり』状態の時でも使う事ができ、使うと『こおり』状態が治る。
185,だましうち,Feint Attack,Physical,dark,60,1.0,20,0,0,0,1,0,1,1,0.0,0,0,0,0,0.0,1,1,0,
225,りゅうのいぶき,Dragon Breath,Special,dragon,60,1.0,20,0,0,0,0,0,1,1,0.0,0,0,0,0,0.0,1,1,0,30%の確率で相手を『まひ』状態にする。
237,めざめるパワー,Hidden Power,Special,normal,60,1.0,15,0,0,0,0,0,1,1,0.0,0,0,0,0,0.0,1,1,0,
246,げんしのちから,Ancient Power,Special,rock,60,1.0,5,0,0,0,0,0,1,1,0.0,0,0,0,0,0.0,1,1,0,10%の確率で自分の『こうげき』『ぼうぎょ』『とくこう』『とくぼう』『すばやさ』ランクが1段階ずつ上がる。
279,リベンジ,Revenge,Physical,fighting,60,1.0,10,-4,0,0,1,0,1,1,0.0,0,0,0,0,0.0,1,1,0,
302,ニードルアーム,Needle Arm,Physical,grass,60,1.0,15,0,0,0,1,0,1,1,0.0,0,0,0,0,0.0,1,1,0,
314,エアカッター,Air Cutter,Special,flying,60,0.95,25,0,1,0,0,0,1,1,0.0,0,0,0,0,0.0,1,1,0,相手全体 急所に当たりやすい(急所ランク:+1)。
317,がんせきふうじ,Rock Tomb,Physical,rock,60,0.95,15,0,0,0,0,0,1,1,0.0,0,0,0,0,0.0,1,1,0,100%の確率で相手の『すばやさ』ランクを1段階下げる。
318,ぎんいろのかぜ,Silver Wind,Special,bug,60,1.0,5,0,0,0,0,0,1,1,0.0,0,0,0,0,0.0,1,1,0,
325,シャドーパンチ,Shadow Punch,Physical,ghost,60,1.0,20,0,0,0,1,0,1,1,0.0,0,0,0,0,0.0,1,1,0,自分の命中率、相手の回避率に関係なく必ず命中する。特性『てつのこぶし』の時、威力が1.2倍になる。
332,つばめがえし,Aerial Ace,Physical,flying,60,1.0,20,0,0,0,1,0,1,1,0.0,0,0,0,0,0.0,1,1,0,自分の命中率、相手の回避率に関係なく必ず命中する。
343,ほしがる,Covet,Physical,normal,60,1.0,25,0,0,0,1,0,1,1,0.0,0,0,0,0,0.0,1,1,0,相手が持っている道具を自分の物にする。自分が既に道具を持っている場合は失敗するが、技『はたきおとす』で自分の道具が無効化されている時は奪う事ができ、道具は上書きされる。トレーナー戦の場合はバトル終了後になくなる。
345,マジカルリーフ,Magical Leaf,Special,grass,60,1.0,20,0,0,0,0,0,1,1,0.0,0,0,0,0,0.0,1,1,0,自分の命中率、相手の回避率に関係なく必ず命中する。
351,でんげきは,Shock Wave,Special,electric,60,1.0,20,0,0,0,0,0,1,1,0.0,0,0,0,0,0.0,1,1,0,自分の命中率、相手の回避率に関係なく必ず命中する。
352,みずのはどう,Water Pulse,Special,water,60,1.0,20,0,0,0,0,0,1,1,0.0,0,1,0,0,0.0,1,1,0,20%の確率で相手を1～4ターンの間『こんらん』状態にする。
365,ついばむ,Pluck,Physical,flying,60,1.0,20,0,0,0,1,0,1,1,0.0,0,0,0,0,0.0,1,1,0,相手が持っているバトルに効果のある『きのみ』を奪って、自分に使う。
372,ダメおし,Assurance,Physical,dark,60,1.0,10,0,0,0,1,0,1,1,0.0,0,0,0,0,0.0,1,1,0,そのターン、相手が既にダメージを受けている時、威力が2倍になる。
395,はっけい,Force Palm,Physical,fighting,60,1.0,10,0,0,0,1,0,1,1,0.0,0,0,0,0,0.0,1,1,0,30%の確率で相手を『まひ』状態にする。
419,ゆきなだれ,Avalanche,Physical,ice,60,1.0,10,-4,0,0,1,0,1,1,0.0,0,0,0,0,0.0,1,1,0,そのターンに相手の技のダメージを受けると威力が2倍になる。必ず後攻になる(優先度:-4)。
443,マグネットボム,Magnet Bomb,Physical,steel,60,1.0,20,0,0,0,0,0,1,1,0.0,0,0,0,0,0.0,1,1,0,
450,むしくい,Bug Bite,Physical,bug,60,1.0,20,0,0,0,1,0,1,1,0.0,0,0,0,0,0.0,1,1,0,相手が持っているバトルに効果のある『きのみ』を奪って、自分に使う。
466,あやしいかぜ,Ominous Wind,Special,ghost,60,1.0,5,0,0,0,0,0,1,1,0.0,0,0,0,0,0.0,1,1,0,
480,やまあらし,Storm Throw,Physical,fighting,60,1.0,10,0,6,0,1,0,1,1,0.0,0,0,0,0,0.0,1,1,0,
496,りんしょう,Round,Special,normal,60,1.0,15,0,0,0,0,1,1,1,0.0,0,0,0,0,0.0,1,0,0,同じターンに他のポケモンも『りんしょう』を使おうとすると、『すばやさ』に関係なく最初に使用したポケモンに続いて使用でき、最初以外の『りんしょう』は威力が2倍になる。音系の技。相手の『みがわり』状態を貫通する。(ダブルバトル用)
507,フリーフォール,Sky Drop,Physical,flying,60,1.0,10,0,0,0,1,0,1,1,0.0,0,0,0,1,0.0,1,1,0,
509,ともえなげ,Circle Throw,Physical,fighting,60,0.9,10,-6,0,0,1,0,1,1,0.0,0,0,0,0,0.0,1,1,0,必ず後攻になる(優先度:-6)。攻撃後、相手のポケモンを強制的に交代させる。野生のポケモンの場合は戦闘を終了する。ダイマックスしている相手には追加効果は無効。
510,やきつくす,Incinerate,Special,fire,60,1.0,15,0,0,0,0,0,1,1,0.0,0,0,0,0,0.0,1,1,0,相手全体 相手の持っている『きのみ』や『ノーマルジュエル』を使えなくする。
523,じならし,Bulldoze,Physical,ground,60,1.0,20,0,0,0,0,0,1,1,0.0,0,0,0,0,0.0,1,1,0,自分以外全体 100%の確率で相手の『すばやさ』ランクを1段階下げる。
524,こおりのいぶき,Frost Breath,Special,ice,60,0.9,10,0,6,0,0,0,1,1,0.0,0,0,0,0,0.0,1,1,0,必ず急所に当たる。
525,ドラゴンテール,Dragon Tail,Physical,dragon,60,0.9,10,-6,0,0,1,0,1,1,0.0,0,0,0,0,0.0,1,1,0,必ず後攻になる(優先度:-6)。攻撃後、相手のポケモンを強制的に交代させる。野生のポケモンの場合は戦闘を終了する。ダイマックスしている相手には追加効果は無効。
531,ハートスタンプ,Heart Stamp,Physical,psychic,60,1.0,25,0,0,0,1,0,1,1,0.0,0,0,0,0,0.0,1,1,0,
693,ぶんまわす,Brutal Swing,Physical,dark,60,1.0,20,0,0,0,1,0,1,1,0.0,0,0,0,0,0.0,1,1,0,自分以外全体 通常攻撃。
742,ダブルパンツァー,Double Iron Bash,Physical,steel,60,1.0,5,0,0,0,1,0,2,2,0.0,0,0,0,0,0.0,1,1,0,
784,ワイドブレイカー,Breaking Swipe,Physical,dragon,60,1.0,15,0,0,0,1,0,1,1,0.0,0,0,0,0,0.0,1,1,0,相手全体 100%の確率で相手の『こうげき』ランクを1段階下げる。
812,クイックターン,Flip Turn,Physical,water,60,1.0,20,0,0,0,1,0,1,1,0.0,0,0,0,0,0.0,1,1,0,攻撃後、手持ちのポケモンと入れ替わる。
11,はさむ,Vise Grip,Physical,normal,55,1.0,30,0,0,0,1,0,1,1,0.0,0,0,0,0,0.0,1,1,0,通常攻撃。
75,はっぱカッター,Razor Leaf,Physical,grass,55,0.95,25,0,1,0,0,0,1,1,0.0,0,0,0,0,0.0,1,1,0,相手全体 急所に当たりやすい(急所ランク:+1)。
196,こごえるかぜ,Icy Wind,Special,ice,55,0.95,15,0,0,0,0,0,1,1,0.0,0,0,0,0,0.0,1,1,0,相手全体 100%の確率で相手の『すばやさ』ランクを1段階下げる。
341,マッドショット,Mud Shot,Special,ground,55,0.95,15,0,0,0,0,0,1,1,0.0,0,0,0,0,0.0,1,1,0,100%の確率で相手の『すばやさ』ランクを1段階下げる。
512,アクロバット,Acrobatics,Physical,flying,55,1.0,15,0,0,0,1,0,1,1,0.0,0,0,0,0,0.0,1,1,0,自分が道具を持っていない時、威力が2倍になる。
527,エレキネット,Electroweb,Special,electric,55,0.95,15,0,0,0,0,0,1,1,0.0,0,0,0,0,0.0,1,1,0,相手全体 100%の確率で相手の『すばやさ』ランクを1段階下げる。
555,バークアウト,Snarl,Special,dark,55,0.95,15,0,0,0,0,1,1,1,0.0,0,0,0,0,0.0,1,0,0,相手全体 100%の確率で相手の『とくこう』ランクを1段階下げる。音系の技。相手の『みがわり』状態を貫通する。
2,からてチョップ,Karate Chop,Physical,fighting,50,1.0,25,0,1,0,1,0,1,1,0.0,0,0,0,0,0.0,1,1,0,
15,いあいぎり,Cut,Physical,normal,50,0.95,30,0,0,0,1,0,1,1,0.0,0,0,0,0,0.0,1,1,0,通常攻撃。
88,いわおとし,Rock Throw,Physical,rock,50,0.9,15,0,0,0,0,0,1,1,0.0,0,0,0,0,0.0,1,1,0,通常攻撃。
93,ねんりき,Confusion,Special,psychic,50,1.0,25,0,0,0,0,0,1,1,0.0,0,1,0,0,0.0,1,1,0,10%の確率で相手を1～4ターンの間『こんらん』状態にする。
155,ホネブーメラン,Bonemerang,Physical,ground,50,0.9,10,0,0,0,0,0,2,2,0.0,0,0,0,0,0.0,1,1,0,
165,わるあがき,Struggle,Physical,normal,50,1.0,1,0,0,0,1,0,1,1,0.0,0,0,0,0,-0.25,1,1,0,ランダム1体 すべての技のPPが0になる等して使える技がなくなると使える。自分の最大HPの1/4を自分も受ける。『タイプ』に関係なくダメージを与える。
173,いびき,Snore,Special,normal,50,1.0,15,0,0,0,0,1,1,1,0.0,0,0,0,0,0.0,1,0,0,自分が『ねむり』状態の時のみ使用可能。30%の確率で相手をひるませる。音系の技。相手の『みがわり』状態を貫通する。
229,こうそくスピン,Rapid Spin,Physical,normal,50,1.0,40,0,0,0,1,0,1,1,0.0,0,0,0,0,0.0,1,1,0,自分が受けている技『うずしお』『からではさむ』『サンダープリズン』『しめつける』『すなじごく』『トラバサミ』『ほのおのうず』『マグマストーム』『まきつく』『やどりぎのタネ』および自分の場の『ステルスロック』『どくびし』『まきびし』『ねばねばネット』の効果を解除する。第8世代からは、攻撃後、100%の確率で自分の『すばやさ』ランクが1段階上がる。(第7世代までは威力20)
232,メタルクロー,Metal Claw,Physical,steel,50,0.95,35,0,0,0,1,0,1,1,0.0,0,0,0,0,0.0,1,1,0,10%の確率で自分の『こうげき』ランクが1段階上がる。
305,どくどくのキバ,Poison Fang,Physical,poison,50,1.0,15,0,0,0,1,0,1,1,0.0,0,1,0,0,0.0,1,1,0,50%の確率で相手を『もうどく』状態にする。『もうどく』状態は通常の『どく』状態と違い、受けるダメージが1/16、2/16、3/16・・・と増えていく。
311,ウェザーボール,Weather Ball,Special,normal,50,1.0,10,0,0,0,0,0,1,1,0.0,0,0,0,0,0.0,1,1,0,天気が『にほんばれ』の時は『ほのお』タイプ、『あめ』の時は『みず』タイプ、『ゆき』の時は『こおり』タイプ、『すなあらし』の時は『いわ』タイプになり、威力が2倍になる。ダイマックス技や第7世代のZワザもタイプが変わる。
342,ポイズンテール,Poison Tail,Physical,poison,50,1.0,25,0,1,0,1,0,1,1,0.0,0,0,0,0,0.0,1,1,0,10%の確率で相手を『どく』状態にする。急所に当たりやすい(急所ランク:+1)。
371,しっぺがえし,Payback,Physical,dark,50,1.0,10,0,0,0,1,0,1,1,0.0,0,0,0,0,0.0,1,1,0,自分が後攻の時、威力が2倍になる。
451,チャージビーム,Charge Beam,Special,electric,50,0.9,10,0,0,0,0,0,1,1,0.0,0,0,0,0,0.0,1,1,0,70%の確率で自分の『とくこう』ランクが1段階上がる。
479,うちおとす,Smack Down,Physical,rock,50,1.0,15,0,0,0,0,0,1,1,0.0,0,0,0,0,0.0,1,1,0,特性『ふゆう』や、『ひこう』タイプのポケモンに『じめん』タイプの技が当たるようになる。また、技『そらをとぶ』『とびはねる』『でんじふゆう』『テレキネシス』の効果が解除され、『でんじふゆう』『テレキネシス』は使用できなくなる。『フリーフォール』状態の相手にも命中する。
488,ニトロチャージ,Flame Charge,Physical,fire,50,1.0,20,0,0,0,1,0,1,1,0.0,0,0,0,0,0.0,1,1,0,100%の確率で自分の『すばやさ』ランクが1段階上がる。
499,クリアスモッグ,Clear Smog,Special,poison,50,1.0,15,0,0,0,0,0,1,1,0.0,0,0,0,0,0.0,1,1,0,相手の能力ランクの変化を元に戻す。
522,むしのていこう,Struggle Bug,Special,bug,50,1.0,20,0,0,0,0,0,1,1,0.0,0,0,0,0,0.0,1,1,0,相手全体 100%の確率で相手の『とくこう』ランクを1段階下げる。
544,ギアソーサー,Gear Grind,Physical,steel,50,0.85,15,0,0,0,1,0,2,2,0.0,0,0,0,0,0.0,1,1,0,
565,とどめばり,Fell Stinger,Physical,bug,50,1.0,25,0,0,0,1,0,1,1,0.0,0,0,0,0,0.0,1,1,0,この技で相手を倒すと、自分の『こうげき』ランクが3段階上がる。
577,ドレインキッス,Draining Kiss,Special,fairy,50,1.0,10,0,0,0,1,0,1,1,0.0,0,0,0,0,0.0,1,1,0,相手に与えたダメージの3/4だけ自分のHPが回復する。
751,ドラゴンアロー,Dragon Darts,Physical,dragon,50,1.0,10,0,0,0,0,0,2,2,0.0,0,0,0,0,0.0,1,1,0,1ターンに2回連続で攻撃する。相手が2匹いる場合は、それぞれに1回ずつ攻撃する。ただし、技『まもる』やタイプ相性などでダメージを与えられない時は片方に2回攻撃する。
805,だいちのはどう,Terrain Pulse,Special,normal,50,1.0,10,0,0,0,0,0,1,1,0.0,0,0,0,0,0.0,1,1,0,場の状態がフィールドで、自分が『ひこう』タイプや特性『ふゆう』などではなく地面にいる時、技のタイプが変化し、威力も2倍になる(フィールドの1.3倍の効果もさらに加わる)。『グラスフィールド』の時は『くさ』タイプ、『ミストフィールド』の時は『フェアリー』タイプ、『エレキフィールド』の時は『でんき』タイプ、『サイコフィールド』の時は『エスパー』タイプの技となる。
22,つるのムチ,Vine Whip,Physical,grass,45,1.0,25,0,0,0,1,0,1,1,0.0,0,0,0,0,0.0,1,1,0,通常攻撃。
1,はたく,Pound,Physical,normal,40,1.0,35,0,0,0,1,0,1,1,0.0,0,0,0,0,0.0,1,1,0,通常攻撃。
6,ネコにこばん,Pay Day,Physical,normal,40,1.0,20,0,0,0,0,0,1,1,0.0,0,0,0,0,0.0,1,1,0,戦闘終了後にお金が(自分のレベル×攻撃回数×5)円多く手に入る。
10,ひっかく,Scratch,Physical,normal,40,1.0,35,0,0,0,1,0,1,1,0.0,0,0,0,0,0.0,1,1,0,通常攻撃。
16,かぜおこし,Gust,Special,flying,40,1.0,35,0,0,0,0,0,1,1,0.0,0,0,0,0,0.0,1,1,0,相手が技『そらをとぶ』『とびはねる』『フリーフォール』を使っている時でも命中し、ダメージが2倍になる。
33,たいあたり,Tackle,Physical,normal,40,1.0,35,0,0,0,1,0,1,1,0.0,0,0,0,0,0.0,1,1,0,通常攻撃。
51,ようかいえき,Acid,Special,poison,40,1.0,30,0,0,0,0,0,1,1,0.0,0,0,0,0,0.0,1,1,0,相手全体 10%の確率で相手の『とくぼう』ランクを1段階下げる。
52,ひのこ,Ember,Special,fire,40,1.0,25,0,0,0,0,0,1,1,0.0,0,0,0,0,0.0,1,1,0,10%の確率で相手を『やけど』状態にする。
55,みずでっぽう,Water Gun,Special,water,40,1.0,25,0,0,0,0,0,1,1,0.0,0,0,0,0,0.0,1,1,0,通常攻撃。
72,メガドレイン,Mega Drain,Special,grass,40,1.0,15,0,0,0,0,0,1,1,0.0,0,0,0,0,0.0,1,1,0,相手に与えたダメージの半分だけ自分のHPが回復する。
84,でんきショック,Thunder Shock,Special,electric,40,1.0,30,0,0,0,0,0,1,1,0.0,0,0,0,0,0.0,1,1,0,10%の確率で相手を『まひ』状態にする。
98,でんこうせっか,Quick Attack,Physical,normal,40,1.0,30,1,0,0,1,0,1,1,0.0,0,0,0,0,0.0,1,1,0,必ず先制できる(優先度:+1)。
145,あわ,Bubble,Special,water,40,1.0,30,0,0,0,0,0,1,1,0.0,0,0,0,0,0.0,1,1,0,
181,こなゆき,Powder Snow,Special,ice,40,1.0,25,0,0,0,0,0,1,1,0.0,0,0,0,0,0.0,1,1,0,相手全体 10%の確率で相手を『こおり』状態にする。
183,マッハパンチ,Mach Punch,Physical,fighting,40,1.0,30,1,0,0,1,0,1,1,0.0,0,0,0,0,0.0,1,1,0,必ず先制できる(優先度:+1)。特性『てつのこぶし』の時、威力が1.2倍になる。
206,みねうち,False Swipe,Physical,normal,40,1.0,40,0,0,0,1,0,1,1,0.0,0,0,0,0,0.0,1,1,0,この技のダメージで相手のHPが0になる時、相手のHPを1にする。野生のポケモンを捕まえる時に便利。
210,れんぞくぎり,Fury Cutter,Physical,bug,40,0.95,20,0,0,0,1,0,1,1,0.0,0,0,0,0,0.0,1,1,0,連続で使用すると攻撃が当たる度に威力が倍増していく(最大160)。攻撃が外れたり連続で使用しないと元に戻る。
228,おいうち,Pursuit,Physical,dark,40,1.0,20,0,0,0,1,0,1,1,0.0,0,0,0,0,0.0,1,1,0,
239,たつまき,Twister,Special,dragon,40,1.0,20,0,0,0,0,0,1,1,0.0,0,0,0,0,0.0,1,1,0,相手全体 20%の確率で相手をひるませる。相手が技『そらをとぶ』『とびはねる』『フリーフォール』を使っている時でも命中し、ダメージが2倍になる。
249,いわくだき,Rock Smash,Physical,fighting,40,1.0,15,0,0,0,1,0,1,1,0.0,0,0,0,0,0.0,1,1,0,50%の確率で相手の『ぼうぎょ』ランクを1段階下げる。
252,ねこだまし,Fake Out,Physical,normal,40,1.0,10,3,0,0,1,0,1,1,0.0,0,0,0,0,0.0,1,1,0,必ず先制でき(優先度:+3)、100%の確率で相手をひるませる。ただし、出た最初のターンしか成功しない。
410,しんくうは,Vacuum Wave,Special,fighting,40,1.0,30,1,0,0,0,0,1,1,0.0,0,0,0,0,0.0,1,1,0,必ず先制できる(優先度:+1)。
418,バレットパンチ,Bullet Punch,Physical,steel,40,1.0,30,1,0,0,1,0,1,1,0.0,0,0,0,0,0.0,1,1,0,必ず先制できる(優先度:+1)。特性『てつのこぶし』の時、威力が1.2倍になる。
420,こおりのつぶて,Ice Shard,Physical,ice,40,1.0,30,1,0,0,0,0,1,1,0.0,0,0,0,0,0.0,1,1,0,必ず先制できる(優先度:+1)。
425,かげうち,Shadow Sneak,Physical,ghost,40,1.0,30,1,0,0,1,0,1,1,0.0,0,0,0,0,0.0,1,1,0,必ず先制できる(優先度:+1)。
453,アクアジェット,Aqua Jet,Physical,water,40,1.0,20,1,0,0,1,0,1,1,0.0,0,0,0,0,0.0,1,1,0,必ず先制できる(優先度:+1)。
491,アシッドボム,Acid Spray,Special,poison,40,1.0,20,0,0,0,0,0,1,1,0.0,0,0,0,0,0.0,1,1,0,100%の確率で相手の『とくぼう』ランクを2段階下げる。
497,エコーボイス,Echoed Voice,Special,normal,40,1.0,15,0,0,0,0,1,1,1,0.0,0,0,0,0,0.0,1,0,0,毎ターン、誰かが技『エコーボイス』を使う度に威力が高くなっていく。音系の技。相手の『みがわり』状態を貫通する。
530,ダブルチョップ,Dual Chop,Physical,dragon,40,0.9,15,0,0,0,1,0,2,2,0.0,0,0,0,0,0.0,1,1,0,
574,チャームボイス,Disarming Voice,Special,fairy,40,1.0,15,0,0,0,0,1,1,1,0.0,0,0,0,0,0.0,1,0,0,相手全体 自分の命中率、相手の回避率に関係なく必ず命中する。音系の技。相手の『みがわり』状態を貫通する。
584,ようせいのかぜ,Fairy Wind,Special,fairy,40,1.0,30,0,0,0,0,0,1,1,0.0,0,0,0,0,0.0,1,1,0,通常攻撃。
610,てかげん,Hold Back,Physical,normal,40,1.0,40,0,0,0,1,0,1,1,0.0,0,0,0,0,0.0,1,1,0,この技のダメージで相手のHPが0になる時、相手のHPを1にする。野生のポケモンを捕まえる時に便利。
612,グロウパンチ,Power-Up Punch,Physical,fighting,40,1.0,20,0,0,0,1,0,1,1,0.0,0,0,0,0,0.0,1,1,0,
670,このは,Leafage,Physical,grass,40,1.0,40,0,0,0,0,0,1,1,0.0,0,0,0,0,0.0,1,1,0,通常攻撃。
709,アクセルロック,Accelerock,Physical,rock,40,1.0,20,1,0,0,1,0,1,1,0.0,0,0,0,0,0.0,1,1,0,必ず先制できる(優先度:+1)。
785,えだづき,Branch Poke,Physical,grass,40,1.0,40,0,0,0,1,0,1,1,0.0,0,0,0,0,0.0,1,1,0,通常攻撃。
814,ダブルウイング,Dual Wingbeat,Physical,flying,40,0.9,10,0,0,0,1,0,2,2,0.0,0,0,0,0,0.0,1,1,0,1ターンに2回連続で攻撃する。
64,つつく,Peck,Physical,flying,35,1.0,35,0,0,0,1,0,1,1,0.0,0,0,0,0,0.0,1,1,0,通常攻撃。
83,ほのおのうず,Fire Spin,Special,fire,35,0.85,15,0,0,0,0,0,1,1,0.0,0,1,0,0,0.0,1,1,0,4～5ターンの間、毎ターン終了後最大HPの1/8のダメージを与え、その間『ゴースト』タイプではない相手は逃げたり交代できない。
128,からではさむ,Clamp,Physical,water,35,0.85,15,0,0,0,1,0,1,1,0.0,0,1,0,0,0.0,1,1,0,
250,うずしお,Whirlpool,Special,water,35,0.85,15,0,0,0,0,0,1,1,0.0,0,1,0,0,0.0,1,1,0,4～5ターンの間、毎ターン終了後最大HPの1/8のダメージを与え、その間『ゴースト』タイプではない相手は逃げたり交代できない。相手が『ダイビング』を使っている時でも命中し、ダメージが2倍になる。
328,すなじごく,Sand Tomb,Physical,ground,35,0.85,15,0,0,0,0,0,1,1,0.0,0,1,0,0,0.0,1,1,0,4～5ターンの間、毎ターン終了後最大HPの1/8のダメージを与え、その間『ゴースト』タイプではない相手は逃げたり交代できない。
458,ダブルアタック,Double Hit,Physical,normal,35,0.9,10,0,0,0,1,0,2,2,0.0,0,0,0,0,0.0,1,1,0,1ターンに2回連続で攻撃する。
779,トラバサミ,Snap Trap,Physical,grass,35,1.0,15,0,0,0,1,0,1,1,0.0,0,1,0,0,0.0,1,1,0,
24,にどげり,Double Kick,Physical,fighting,30,1.0,30,0,0,0,1,0,2,2,0.0,0,0,0,0,0.0,1,1,0,1ターンに2回連続で攻撃する。
122,したでなめる,Lick,Physical,ghost,30,1.0,30,0,0,0,1,0,1,1,0.0,0,0,0,0,0.0,1,1,0,30%の確率で相手を『まひ』状態にする。
123,スモッグ,Smog,Special,poison,30,0.7,20,0,0,0,0,0,1,1,0.0,0,0,0,0,0.0,1,1,0,40%の確率で相手を『どく』状態にする。
205,ころがる,Rollout,Physical,rock,30,0.9,20,0,0,0,1,0,1,1,0.0,0,0,1,0,0.0,1,1,0,外れるまで5ターン連続で攻撃し、攻撃が当たる度に威力が倍増する(最大480)。事前に技『まるくなる』を使っていると威力が2倍になる。
301,アイスボール,Ice Ball,Physical,ice,30,0.9,20,0,0,0,1,0,1,1,0.0,0,0,0,0,0.0,1,1,0,
310,おどろかす,Astonish,Physical,ghost,30,1.0,15,0,0,0,1,0,1,1,0.0,0,0,0,0,0.0,1,1,0,30%の確率で相手をひるませる。
364,フェイント,Feint,Physical,normal,30,1.0,10,2,0,0,0,0,1,1,0.0,0,0,0,0,0.0,0,1,0,必ず先制できる(優先度:+2)。相手が技『まもる』『みきり』『たたみがえし』『トーチカ』『キングシールド』『ニードルガード』『ブロッキング』『スレッドトラップ』『かえんのまもり』『ファストガード』『ワイドガード』をしている場合は、その効果を解除して攻撃できる(使用していない場合は通常攻撃)。『ダイウォール』は解除はできないが、貫通する。
41,ダブルニードル,Twineedle,Physical,bug,25,1.0,20,0,0,0,0,0,2,2,0.0,0,0,0,0,0.0,1,1,0,
42,ミサイルばり,Pin Missile,Physical,bug,25,0.95,20,0,0,0,0,0,2,5,0.0,0,0,0,0,0.0,1,1,0,1ターンに2～5回連続で攻撃する。
198,ボーンラッシュ,Bone Rush,Physical,ground,25,0.9,10,0,0,0,0,0,2,5,0.0,0,0,0,0,0.0,1,1,0,1ターンに2～5回連続で攻撃する。
331,タネマシンガン,Bullet Seed,Physical,grass,25,1.0,30,0,0,0,0,0,2,5,0.0,0,0,0,0,0.0,1,1,0,1ターンに2～5回連続で攻撃する。
333,つららばり,Icicle Spear,Physical,ice,25,1.0,30,0,0,0,0,0,2,5,0.0,0,0,0,0,0.0,1,1,0,1ターンに2～5回連続で攻撃する。
350,ロックブラスト,Rock Blast,Physical,rock,25,0.9,10,0,0,0,0,0,2,5,0.0,0,0,0,0,0.0,1,1,0,1ターンに2～5回連続で攻撃する。
541,スイープビンタ,Tail Slap,Physical,normal,25,0.85,10,0,0,0,1,0,2,5,0.0,0,0,0,0,0.0,1,1,0,1ターンに2～5回連続で攻撃する。
799,スケイルショット,Scale Shot,Physical,dragon,25,0.9,20,0,0,0,0,0,2,5,0.0,0,0,0,0,0.0,1,1,0,1ターンに2～5回連続で攻撃する。その後、自分の『ぼうぎょ』ランクが1段階下がり、『すばやさ』ランクが1段階上がる。
818,すいりゅうれんだ,Surging Strikes,Physical,water,25,1.0,5,0,6,0,1,0,3,3,0.0,0,0,0,0,0.0,1,1,0,1ターンに外れるまで最大3回連続で攻撃する。必ず急所に当たる。特性『てつのこぶし』の時、威力が1.2倍になる。
71,すいとる,Absorb,Special,grass,20,1.0,25,0,0,0,0,0,1,1,0.0,0,0,0,0,0.0,1,1,0,相手に与えたダメージの半分だけ自分のHPが回復する。
99,いかり,Rage,Physical,normal,20,1.0,20,0,0,0,1,0,1,1,0.0,0,0,0,0,0.0,1,1,0,
131,とげキャノン,Spike Cannon,Physical,normal,20,1.0,15,0,0,0,0,0,2,5,0.0,0,0,0,0,0.0,1,1,0,
189,どろかけ,Mud-Slap,Special,ground,20,1.0,10,0,0,0,0,0,1,1,0.0,0,0,0,0,0.0,1,1,0,100%の確率で相手の命中率を1段階下げる。
500,アシストパワー,Stored Power,Special,psychic,20,1.0,10,0,0,0,0,0,1,1,0.0,0,0,0,0,0.0,1,1,0,自分のいずれかの能力ランクが1つ上がる度に威力が20上がる。
609,ほっぺすりすり,Nuzzle,Physical,electric,20,1.0,20,0,0,0,1,0,1,1,0.0,0,0,0,0,0.0,1,1,0,100%の確率で相手を『まひ』状態にする。
611,まとわりつく,Infestation,Special,bug,20,1.0,20,0,0,0,1,0,1,1,0.0,0,1,0,0,0.0,1,1,0,4～5ターンの間、毎ターン終了後最大HPの1/8のダメージを与え、その間『ゴースト』タイプではない相手は逃げたり交代できない。
681,つけあがる,Power Trip,Physical,dark,20,1.0,10,0,0,0,1,0,1,1,0.0,0,0,0,0,0.0,1,1,0,自分のいずれかの能力ランクが1つ上がる度に威力が20上がる。
813,トリプルアクセル,Triple Axel,Physical,ice,20,0.9,10,0,0,0,1,0,3,3,0.0,0,0,0,0,0.0,1,1,0,1ターンに外れるまで最大3回連続で攻撃する。攻撃が当たる度に威力が20ずつ増える。
4,れんぞくパンチ,Comet Punch,Physical,normal,18,0.85,15,0,0,0,1,0,2,5,0.0,0,0,0,0,0.0,1,1,0,
154,みだれひっかき,Fury Swipes,Physical,normal,18,0.8,15,0,0,0,1,0,2,5,0.0,0,0,0,0,0.0,1,1,0,1ターンに2～5回連続で攻撃する。
3,おうふくビンタ,Double Slap,Physical,normal,15,0.85,10,0,0,0,1,0,2,5,0.0,0,0,0,0,0.0,1,1,0,
20,しめつける,Bind,Physical,normal,15,0.85,20,0,0,0,1,0,1,1,0.0,0,1,0,0,0.0,1,1,0,4～5ターンの間、毎ターン終了後最大HPの1/8のダメージを与え、その間『ゴースト』タイプではない相手は逃げたり交代できない。
31,みだれづき,Fury Attack,Physical,normal,15,0.85,20,0,0,0,1,0,2,5,0.0,0,0,0,0,0.0,1,1,0,1ターンに2～5回連続で攻撃する。
35,まきつく,Wrap,Physical,normal,15,0.9,20,0,0,0,1,0,1,1,0.0,0,1,0,0,0.0,1,1,0,4～5ターンの間、毎ターン終了後最大HPの1/8のダメージを与え、その間『ゴースト』タイプではない相手は逃げたり交代できない。
40,どくばり,Poison Sting,Physical,poison,15,1.0,35,0,0,0,0,0,1,1,0.0,0,0,0,0,0.0,1,1,0,30%の確率で相手を『どく』状態にする。
140,たまなげ,Barrage,Physical,normal,15,0.85,20,0,0,0,0,0,2,5,0.0,0,0,0,0,0.0,1,1,0,
292,つっぱり,Arm Thrust,Physical,fighting,15,1.0,20,0,0,0,1,0,2,5,0.0,0,0,0,0,0.0,1,1,0,1ターンに2～5回連続で攻撃する。
594,みずしゅりけん,Water Shuriken,Special,water,15,1.0,20,1,0,0,0,0,2,5,0.0,0,0,0,0,0.0,1,1,0,必ず先制できる(優先度:+1)。1ターンに2～5回連続で攻撃する。
132,からみつく,Constrict,Physical,normal,10,1.0,35,0,0,0,1,0,1,1,0.0,0,0,0,0,0.0,1,1,0,
167,トリプルキック,Triple Kick,Physical,fighting,10,0.9,10,0,0,0,1,0,3,3,0.0,0,0,0,0,0.0,1,1,0,1ターンに外れるまで最大3回連続で攻撃する。攻撃が当たる度に威力が10ずつ増える。
12,ハサミギロチン,Guillotine,Physical,normal,0,0.3,5,0,0,1,1,0,1,1,0.0,0,0,0,0,0.0,1,1,0,相手を『ひんし』状態にする。相手のレベルが自分より高いと失敗する。(30＋自分のレベル－相手のレベル)が命中率になる。『ゴースト』タイプには無効だが、それ以外のタイプ相性の影響を受けない。ダイマックスしている相手には無効。
14,つるぎのまい,Swords Dance,Status,normal,0,1.0,20,0,0,0,0,0,1,1,0.0,0,0,0,0,0.0,0,1,0,自分 自分の『こうげき』ランクを2段階上げる。
18,ふきとばし,Whirlwind,Status,normal,0,1.0,20,-6,0,0,0,0,1,1,0.0,0,0,0,0,0.0,0,1,0,必ず後攻になる(優先度:-6)。相手のポケモンを強制的に交代させる。野生のポケモンの場合は戦闘を終了する。自分の命中率、相手の回避率に関係なく必ず命中する。相手の『まもる』『みきり』『トーチカ』『ニードルガード』『ブロッキング』『スレッドトラップ』『かえんのまもり』の効果を受けない。相手の『みがわり』状態を貫通する。ダイマックスしている相手には無効。野生のポケモンの場合、相手が自分のレベルより高い場合は失敗する。
28,すなかけ,Sand Attack,Status,ground,0,1.0,15,0,0,0,0,0,1,1,0.0,0,0,0,0,0.0,1,1,0,相手の命中率を1段階下げる。
32,つのドリル,Horn Drill,Physical,normal,0,0.3,5,0,0,1,1,0,1,1,0.0,0,0,0,0,0.0,1,1,0,相手を『ひんし』状態にする。相手のレベルが自分より高いと失敗する。(30＋自分のレベル－相手のレベル)が命中率になる。『ゴースト』タイプには無効だが、それ以外のタイプ相性の影響を受けない。ダイマックスしている相手には無効。
39,しっぽをふる,Tail Whip,Status,normal,0,1.0,30,0,0,0,0,0,1,1,0.0,0,0,0,0,0.0,1,1,0,相手全体 相手の『ぼうぎょ』ランクを1段階下げる。
43,にらみつける,Leer,Status,normal,0,1.0,30,0,0,0,0,0,1,1,0.0,0,0,0,0,0.0,1,1,0,相手全体 相手の『ぼうぎょ』ランクを1段階下げる。
45,なきごえ,Growl,Status,normal,0,1.0,40,0,0,0,0,1,1,1,0.0,0,0,0,0,0.0,1,0,0,相手全体 相手の『こうげき』ランクを1段階下げる。音系の技。相手の『みがわり』状態を貫通する。
46,ほえる,Roar,Status,normal,0,1.0,20,-6,0,0,0,1,1,1,0.0,0,0,0,0,0.0,0,0,0,必ず後攻になる(優先度:-6)。相手のポケモンを強制的に交代させる。野生のポケモンの場合は戦闘を終了する。自分の命中率、相手の回避率に関係なく必ず命中する。相手の『まもる』『みきり』『トーチカ』『ニードルガード』『ブロッキング』『スレッドトラップ』『かえんのまもり』の効果を受けない。音系の技。相手の『みがわり』状態を貫通する。ダイマックスしている相手には無効。野生のポケモンの場合、相手が自分のレベルより高い場合は失敗する。
47,うたう,Sing,Status,normal,0,0.55,15,0,0,0,0,1,1,1,0.0,0,1,0,0,0.0,1,0,0,相手を2～4ターン(実質1～3ターン)の間『ねむり』状態にする。音系の技。相手の『みがわり』状態を貫通する。
48,ちょうおんぱ,Supersonic,Status,normal,0,0.55,20,0,0,0,0,1,1,1,0.0,0,1,0,0,0.0,1,0,0,相手を1～4ターンの間『こんらん』状態にする。音系の技。相手の『みがわり』状態を貫通する。
49,ソニックブーム,Sonic Boom,Special,normal,0,0.9,20,0,0,0,0,0,1,1,0.0,0,0,0,0,0.0,1,1,0,
50,かなしばり,Disable,Status,normal,0,1.0,20,0,0,0,0,0,1,1,0.0,0,1,0,0,0.0,1,1,0,相手が最後に使った技を4ターンの間使えなくする。
54,しろいきり,Mist,Status,ice,0,1.0,30,0,0,0,0,0,1,1,0.0,0,0,0,0,0.0,0,1,0,味方の場 5ターンの間、自分と味方のポケモンは能力ランクを下げられなくなる。交代しても効果は続く。
67,けたぐり,Low Kick,Physical,fighting,0,1.0,20,0,0,0,1,0,1,1,0.0,0,0,0,0,0.0,1,1,0,相手の『おもさ』が重いほど威力が高くなる。10kg未満は20、25kg未満は40、50kg未満は60、100kg未満は80、200kg未満は100、それ以上は120。ダイマックスしている相手には無効。
68,カウンター,Counter,Physical,fighting,0,1.0,20,-5,0,0,1,0,1,1,0.0,0,0,0,0,0.0,1,1,0,不定 相手の物理攻撃のダメージの2倍をその相手に与える。『ダブルバトル』の時は最後に受けた技のみ有効になる。必ず後攻になる(優先度:-5)。『ゴースト』タイプには無効だが、それ以外のタイプ相性の影響を受けない。
69,ちきゅうなげ,Seismic Toss,Physical,fighting,0,1.0,20,0,0,0,1,0,1,1,0.0,0,0,0,0,0.0,1,1,0,自分のレベルと同じ値の固定ダメージを与える。『ゴースト』タイプには無効だが、それ以外のタイプ相性の影響を受けない。
73,やどりぎのタネ,Leech Seed,Status,grass,0,0.9,10,0,0,0,0,0,1,1,0.0,0,0,0,0,0.0,1,1,0,使用後、毎ターン、相手のHPを最大HPの1/8ずつ減らし、その分自分のHPを回復させる。自分は交代しても効果が引き継ぐ。『くさ』タイプのポケモンには無効。
74,せいちょう,Growth,Status,normal,0,1.0,20,0,0,0,0,0,1,1,0.0,0,0,0,0,0.0,0,1,0,自分 自分の『こうげき』『とくこう』ランクが1段階ずつ上がる。天気が『にほんばれ』の時は、2段階ずつ上がる。
77,どくのこな,Poison Powder,Status,poison,0,0.75,35,0,0,0,0,0,1,1,0.0,0,0,0,0,0.0,1,1,0,相手を『どく』状態にする。『どく』タイプや『はがね』タイプ、『くさ』タイプ、特性『ぼうじん』、道具『ぼうじんゴーグル』を持っているポケモンには無効。
78,しびれごな,Stun Spore,Status,grass,0,0.75,30,0,0,0,0,0,1,1,0.0,0,0,0,0,0.0,1,1,0,相手を『まひ』状態にする。『でんき』タイプや『くさ』タイプ、特性『ぼうじん』、『ぼうじんゴーグル』を持っているのポケモンには無効。
79,ねむりごな,Sleep Powder,Status,grass,0,0.75,15,0,0,0,0,0,1,1,0.0,0,1,0,0,0.0,1,1,0,相手を2～4ターン(実質1～3ターン)の間『ねむり』状態にする。『くさ』タイプや特性『ぼうじん』、道具『ぼうじんゴーグル』を持っているポケモンには無効。
81,いとをはく,String Shot,Status,bug,0,0.95,40,0,0,0,0,0,1,1,0.0,0,0,0,0,0.0,1,1,0,相手全体 相手の『すばやさ』ランクを2段階下げる。
82,りゅうのいかり,Dragon Rage,Special,dragon,0,1.0,10,0,0,0,0,0,1,1,0.0,0,0,0,0,0.0,1,1,0,
86,でんじは,Thunder Wave,Status,electric,0,0.9,20,0,0,0,0,0,1,1,0.0,0,0,0,0,0.0,1,1,0,相手を『まひ』状態にする。『じめん』タイプや『でんき』タイプには無効。
90,じわれ,Fissure,Physical,ground,0,0.3,5,0,0,1,0,0,1,1,0.0,0,0,0,0,0.0,1,1,0,相手を『ひんし』状態にする。相手のレベルが自分より高いと失敗する。(30＋自分のレベル－相手のレベル)が命中率になる。『ひこう』タイプには無効だが、それ以外のタイプ相性の影響を受けない。ダイマックスしている相手には無効。
92,どくどく,Toxic,Status,poison,0,0.9,10,0,0,0,0,0,1,1,0.0,0,1,0,0,0.0,1,1,0,相手を『もうどく』状態にする。『もうどく』状態は通常の『どく』状態と違い、受けるダメージが1/16、2/16、3/16・・・と増えていく。『どく』タイプのポケモンが使うと必ず命中する。『どく』タイプや『はがね』タイプには無効。
95,さいみんじゅつ,Hypnosis,Status,psychic,0,0.6,20,0,0,0,0,0,1,1,0.0,0,1,0,0,0.0,1,1,0,相手を2～4ターン(実質1～3ターン)の間『ねむり』状態にする。
96,ヨガのポーズ,Meditate,Status,psychic,0,1.0,40,0,0,0,0,0,1,1,0.0,0,0,0,0,0.0,0,1,0,
97,こうそくいどう,Agility,Status,psychic,0,1.0,30,0,0,0,0,0,1,1,0.0,0,0,0,0,0.0,0,1,0,自分 自分の『すばやさ』ランクが2段階上がる。
100,テレポート,Teleport,Status,psychic,0,1.0,20,-6,0,0,0,0,1,1,0.0,0,0,0,0,0.0,0,1,0,自分 必ず後攻になる(優先度:-6)。手持ちのポケモンと入れ替わる。(第7世代までは、野生のポケモンとの戦闘を終了する効果だった)
101,ナイトヘッド,Night Shade,Special,ghost,0,1.0,15,0,0,0,0,0,1,1,0.0,0,0,0,0,0.0,1,1,0,自分のレベルと同じ値の固定ダメージを与える。『ノーマル』タイプには無効だが、それ以外のタイプ相性の影響を受けない。
102,ものまね,Mimic,Status,normal,0,1.0,10,0,0,0,0,0,1,1,0.0,0,0,0,0,0.0,1,1,0,一時的に、相手が最後に自分に使った技が使えるようになる。PPはコピーした技のポイントアップ未使用時の最大値となる。交代すると元に戻る。相手の技が『ものまね』『ゆびをふる』『オウムがえし』『へんしん』『わるあがき』『スケッチ』『ねごと』『しぜんのちから』『ねこのて』『さきどり』『まねっこ』『おしゃべり』『ゲップ』『おいわい』『てをつなぐ』『ダイマックスほう』『きょじゅうざん』『きょじゅうだん』『バーンアクセル』『ダークアクセル』『ポイズンアクセル』『ファイトアクセル』『マジカルアクセル』『テラクラスター』やダイマックス技の場合は失敗する。
103,いやなおと,Screech,Status,normal,0,0.85,40,0,0,0,0,1,1,1,0.0,0,0,0,0,0.0,1,0,0,相手の『ぼうぎょ』ランクを2段階下げる。音系の技。相手の『みがわり』状態を貫通する。
104,かげぶんしん,Double Team,Status,normal,0,1.0,15,0,0,0,0,0,1,1,0.0,0,0,0,0,0.0,0,1,0,自分 自分の回避率を1段階上げる。
105,じこさいせい,Recover,Status,normal,0,1.0,10,0,0,0,0,0,1,1,0.0,0,0,0,0,0.5,0,1,0,自分 HPが最大HPの半分回復する。
106,かたくなる,Harden,Status,normal,0,1.0,30,0,0,0,0,0,1,1,0.0,0,0,0,0,0.0,0,1,0,自分 自分の『ぼうぎょ』ランクを1段階上げる。
107,ちいさくなる,Minimize,Status,normal,0,1.0,10,0,0,0,0,0,1,1,0.0,0,0,0,0,0.0,0,1,0,自分 自分の回避率を2段階上げる。ただし、技『サンダーダイブ』『のしかかり』『ふみつけ』『ドラゴンダイブ』『ハードローラー』『ハイパーダーククラッシャー』『フライングプレス』『ヒートスタンプ』『ヘビーボンバー』は必ず命中し威力2倍で受けるようになってしまう(ヒートスタンプは第6世代以降、ヘビーボンバーは第7世代以降。なお、ゴーストダイブは第6世代のみ)。
108,えんまく,Smokescreen,Status,normal,0,1.0,20,0,0,0,0,0,1,1,0.0,0,0,0,0,0.0,1,1,0,相手の命中率を1段階下げる。
109,あやしいひかり,Confuse Ray,Status,ghost,0,1.0,10,0,0,0,0,0,1,1,0.0,0,1,0,0,0.0,1,1,0,相手を1～4ターンの間『こんらん』状態にする。
110,からにこもる,Withdraw,Status,water,0,1.0,40,0,0,0,0,0,1,1,0.0,0,0,0,0,0.0,0,1,0,自分 自分の『ぼうぎょ』ランクを1段階上げる。
111,まるくなる,Defense Curl,Status,normal,0,1.0,40,0,0,0,0,0,1,1,0.0,0,0,0,0,0.0,0,1,0,自分 自分の『ぼうぎょ』ランクを1段階上げる。
112,バリアー,Barrier,Status,psychic,0,1.0,20,0,0,0,0,0,1,1,0.0,0,0,0,0,0.0,0,1,0,
113,ひかりのかべ,Light Screen,Status,psychic,0,1.0,30,0,0,0,0,0,1,1,0.0,0,0,0,0,0.0,0,1,0,味方の場 5ターンの間、相手の特殊攻撃のダメージを半分にする。味方が複数の場合は半分ではなく2/3になる。急所に当たった場合は軽減されない。交代しても効果は続く。
114,くろいきり,Haze,Status,ice,0,1.0,30,0,0,0,0,0,1,1,0.0,0,0,0,0,0.0,0,1,0,全体の場 すべてのポケモンの能力ランクの変化を元に戻す。
115,リフレクター,Reflect,Status,psychic,0,1.0,20,0,0,0,0,0,1,1,0.0,0,0,0,0,0.0,0,1,0,味方の場 5ターンの間、相手の物理攻撃のダメージを半分にする。味方が複数の場合は半分ではなく2/3になる。急所に当たった場合は軽減されない。交代しても効果は続く。
116,きあいだめ,Focus Energy,Status,normal,0,1.0,30,0,0,0,0,0,1,1,0.0,0,0,0,0,0.0,0,1,0,自分『きゅうしょアップ』状態(急所ランク2段階)となり、今後自分の技が急所に当たりやすくなる。(すでに『きゅうしょアップ』状態の時は失敗する)
117,がまん,Bide,Physical,normal,0,1.0,10,1,0,0,1,0,1,1,0.0,0,0,0,0,0.0,1,1,0,
118,ゆびをふる,Metronome,Status,normal,0,1.0,10,0,0,0,0,0,1,1,0.0,0,0,0,0,0.0,0,1,0,自分 ほぼすべての技の中からランダムで1つ使う。
119,オウムがえし,Mirror Move,Status,flying,0,1.0,20,0,0,0,0,0,1,1,0.0,0,0,0,0,0.0,0,1,0,
133,ドわすれ,Amnesia,Status,psychic,0,1.0,20,0,0,0,0,0,1,1,0.0,0,0,0,0,0.0,0,1,0,自分 自分の『とくぼう』ランクを2段階上げる。
134,スプーンまげ,Kinesis,Status,psychic,0,0.8,15,0,0,0,0,0,1,1,0.0,0,0,0,0,0.0,1,1,0,
135,タマゴうみ,Soft-Boiled,Status,normal,0,1.0,10,0,0,0,0,0,1,1,0.0,0,0,0,0,0.5,0,1,0,自分 HPが最大HPの半分回復する。
137,へびにらみ,Glare,Status,normal,0,1.0,30,0,0,0,0,0,1,1,0.0,0,0,0,0,0.0,1,1,0,相手を『まひ』状態にする。『でんき』タイプには無効。
139,どくガス,Poison Gas,Status,poison,0,0.9,40,0,0,0,0,0,1,1,0.0,0,0,0,0,0.0,1,1,0,相手全体 相手を『どく』状態にする。『どく』タイプや『はがね』タイプには無効。
142,あくまのキッス,Lovely Kiss,Status,normal,0,0.75,10,0,0,0,0,0,1,1,0.0,0,1,0,0,0.0,1,1,0,
144,へんしん,Transform,Status,normal,0,1.0,10,0,0,0,0,0,1,1,0.0,0,0,0,0,0.0,0,1,0,一時的に、相手と同じナンバー・グラフィックス・能力値・個体値・ランク・特性・技になる。ただしHP・持ち物・状態異常などはコピーされずそのままとなり、技のPPはすべて5になる。交代すると元に戻る。ダイマックスしている相手をコピーすると、元のポケモンの姿になる。
147,キノコのほうし,Spore,Status,grass,0,1.0,15,0,0,0,0,0,1,1,0.0,0,1,0,0,0.0,1,1,0,相手を2～4ターン(実質1～3ターン)の間『ねむり』状態にする。『くさ』タイプや特性『ぼうじん』、道具『ぼうじんゴーグル』を持っているポケモンには無効。
148,フラッシュ,Flash,Status,normal,0,1.0,20,0,0,0,0,0,1,1,0.0,0,0,0,0,0.0,1,1,0,
149,サイコウェーブ,Psywave,Special,psychic,0,1.0,15,0,0,0,0,0,1,1,0.0,0,0,0,0,0.0,1,1,0,
150,はねる,Splash,Status,normal,0,1.0,40,0,0,0,0,0,1,1,0.0,0,0,0,0,0.0,0,1,0,自分 何も起こらない。
151,とける,Acid Armor,Status,poison,0,1.0,20,0,0,0,0,0,1,1,0.0,0,0,0,0,0.0,0,1,0,自分 自分の『ぼうぎょ』ランクを2段階上げる。
156,ねむる,Rest,Status,psychic,0,1.0,10,0,0,0,0,0,1,1,0.0,0,0,0,0,0.0,0,1,0,自分 HPと状態異常をすべて回復した後、2ターンの間『ねむり』状態になる。
159,かくばる,Sharpen,Status,normal,0,1.0,30,0,0,0,0,0,1,1,0.0,0,0,0,0,0.0,0,1,0,
160,テクスチャー,Conversion,Status,normal,0,1.0,30,0,0,0,0,0,1,1,0.0,0,0,0,0,0.0,0,1,0,自分 自分の『タイプ』を、自分の一番上の技と同じタイプに変える。
162,いかりのまえば,Super Fang,Physical,normal,0,0.9,10,0,0,0,1,0,1,1,0.0,0,0,0,0,0.0,1,1,0,相手のHPを残りHPの半分にする。『ゴースト』タイプには無効だが、それ以外のタイプ相性の影響を受けない。
164,みがわり,Substitute,Status,normal,0,1.0,10,0,0,0,0,0,1,1,0.0,0,0,0,0,0.0,0,1,0,自分 自分のHPを最大HPの1/4だけ減らして、減らしたHPと同じHPの自分の分身を作り、分身のHPが0になるまですべての攻撃を自分の代わりに分身が受ける。分身は状態異常にならない。ただし、音系の技などはそのまま受ける。相手のダイマックス技も防げるが、自分がダイマックスすると分身が消える。
166,スケッチ,Sketch,Status,normal,0,1.0,1,0,0,0,0,0,1,1,0.0,0,0,0,0,0.0,0,1,0,この技を忘れて、相手が最後に使った技を覚える。戦闘終了後も元に戻らない。(通信対戦などでは元に戻る)
169,クモのす,Spider Web,Status,bug,0,1.0,10,0,0,0,0,0,1,1,0.0,0,0,0,0,0.0,1,1,0,
170,こころのめ,Mind Reader,Status,normal,0,1.0,5,0,0,0,0,0,1,1,0.0,0,0,0,0,0.0,1,1,0,
171,あくむ,Nightmare,Status,ghost,0,1.0,15,0,0,0,0,0,1,1,0.0,0,0,0,0,0.0,1,1,0,
174,のろい,Curse,Status,ghost,0,1.0,10,0,0,0,0,0,1,1,0.0,0,0,0,0,0.0,0,1,0,不定 自分のタイプが『ゴースト』タイプの時は自分のHPを最大HPの半分だけ減らして、相手を『のろい』状態にする。『のろい』状態になると毎ターン、HPが最大HPの1/4ずつ減る。それ以外のポケモンの場合『すばやさ』ランクが1段階下がり、『こうげき』『ぼうぎょ』ランクが1段階ずつ上がる。
175,じたばた,Flail,Physical,normal,0,1.0,15,0,0,0,1,0,1,1,0.0,0,0,0,0,0.0,1,1,0,自分の残りHPが少ないほど威力が高くなる。(威力は20～200)
176,テクスチャー２,Conversion 2,Status,normal,0,1.0,30,0,0,0,0,0,1,1,0.0,0,0,0,0,0.0,0,1,0,1体選択 自分の『タイプ』を相手が最後に使った技が効きづらいタイプに変える。どのタイプになるかはランダム。
178,わたほうし,Cotton Spore,Status,grass,0,1.0,40,0,0,0,0,0,1,1,0.0,0,0,0,0,0.0,1,1,0,相手全体 相手の『すばやさ』ランクを2段階下げる。『くさ』タイプや特性『ぼうじん』、道具『ぼうじんゴーグル』を持っているポケモンには無効。
179,きしかいせい,Reversal,Physical,fighting,0,1.0,15,0,0,0,1,0,1,1,0.0,0,0,0,0,0.0,1,1,0,自分の残りHPが少ないほど威力が高くなる。(威力は20～200)
180,うらみ,Spite,Status,ghost,0,1.0,10,0,0,0,0,0,1,1,0.0,0,0,0,0,0.0,1,1,0,相手の最後に使った技のPPを4減らす。
182,まもる,Protect,Status,normal,0,1.0,10,4,0,0,0,0,1,1,0.0,0,0,0,0,0.0,0,1,1,自分 必ず先制でき(優先度:+4)、そのターンの間、相手の技を受けない。連続で使うと失敗しやすくなる。ダイマックス技や第7世代のZワザの攻撃技は貫通し、1/4のダメージを受ける。
184,こわいかお,Scary Face,Status,normal,0,1.0,10,0,0,0,0,0,1,1,0.0,0,0,0,0,0.0,1,1,0,相手の『すばやさ』ランクを2段階下げる。
186,てんしのキッス,Sweet Kiss,Status,fairy,0,0.75,10,0,0,0,0,0,1,1,0.0,0,1,0,0,0.0,1,1,0,相手を1～4ターンの間『こんらん』状態にする。
187,はらだいこ,Belly Drum,Status,normal,0,1.0,10,0,0,0,0,0,1,1,0.0,0,0,0,0,0.0,0,1,0,自分 自分のHPを最大HPの半分だけ減らす代わりに、自分の『こうげき』ランクを最大まで上げる。
191,まきびし,Spikes,Status,ground,0,1.0,20,0,0,0,0,0,1,1,0.0,0,0,0,0,0.0,0,1,0,相手の場 使用後、相手はポケモンを交代する度にダメージを受ける。3回まで使うことができ、1回の時は相手の最大HPの1/8、2回の時は相手の最大HPの1/6、3回の時は相手の最大HPの1/4のダメージを与える。『ひこう』タイプ、特性『ふゆう』のポケモンはダメージを受けない。
193,みやぶる,Foresight,Status,normal,0,1.0,40,0,0,0,0,0,1,1,0.0,0,0,0,0,0.0,1,1,0,
194,みちづれ,Destiny Bond,Status,ghost,0,1.0,5,0,0,0,0,0,1,1,0.0,0,0,0,0,0.0,0,1,0,自分 次の自分のターンまでに相手の攻撃で『ひんし』状態になると、相手も『ひんし』状態になる。ダイマックスしている相手には効果がない。第7世代以降は、連続で使うと必ず失敗する。
195,ほろびのうた,Perish Song,Status,normal,0,1.0,5,0,0,0,0,1,1,1,0.0,0,1,0,0,0.0,0,0,0,全体 3ターン終了後に、この技を使った時に出ていた自分を含むすべてのポケモンは『ひんし』状態になる。それまでに交代したポケモンは効果が消える。音系の技。相手の『みがわり』状態を貫通する。
197,みきり,Detect,Status,fighting,0,1.0,5,4,0,0,0,0,1,1,0.0,0,0,0,0,0.0,0,1,1,自分 必ず先制でき(優先度:+4)、そのターンの間、相手の技を受けない。連続で使うと失敗しやすくなる。ダイマックス技や第7世代のZワザの攻撃技は貫通し、1/4のダメージを受ける。
199,ロックオン,Lock-On,Status,normal,0,1.0,5,0,0,0,0,0,1,1,0.0,0,0,0,0,0.0,1,1,0,次のターン、使った相手に自分の技が必ず命中する。
201,すなあらし,Sandstorm,Status,rock,0,1.0,10,0,0,0,0,0,1,1,0.0,0,0,0,0,0.0,0,1,0,全体の場 5ターンの間、天気を『すなあらし』にする。『いわ』『じめん』『はがね』タイプではないポケモンは、毎ターン最大HPの1/16のダメージを受ける。また、『いわ』タイプのポケモンは『とくぼう』が1.5倍になる。
203,こらえる,Endure,Status,normal,0,1.0,10,4,0,0,0,0,1,1,0.0,0,0,0,0,0.0,0,1,1,自分 必ず先制できる(優先度:+4)。そのターンに『ひんし』状態になる攻撃を受けてもHPが1残る。連続で使うと失敗しやすくなる。
204,あまえる,Charm,Status,fairy,0,1.0,20,0,0,0,0,0,1,1,0.0,0,0,0,0,0.0,1,1,0,相手の『こうげき』ランクを2段階下げる。
207,いばる,Swagger,Status,normal,0,0.85,15,0,0,0,0,0,1,1,0.0,0,1,0,0,0.0,1,1,0,相手を1～4ターンの間『こんらん』状態にするが、相手の『こうげき』ランクを2段階上げてしまう。
208,ミルクのみ,Milk Drink,Status,normal,0,1.0,10,0,0,0,0,0,1,1,0.0,0,0,0,0,0.5,0,1,0,自分 HPが最大HPの半分回復する。
212,くろいまなざし,Mean Look,Status,normal,0,1.0,5,0,0,0,0,0,1,1,0.0,0,0,0,0,0.0,0,1,0,1体選択『ゴースト』タイプではない相手は逃げたり、交代できなくなる。自分が場を離れると効果は消える。
213,メロメロ,Attract,Status,normal,0,1.0,15,0,0,0,0,0,1,1,0.0,0,0,0,0,0.0,1,1,0,相手が自分とは異なる性別の場合、相手を『メロメロ』状態にする。『メロメロ』状態になると、50%の確率で相手は自分に攻撃できなくなる。自分と相手の性別が同じ時や、どちらかが性別不明の場合は失敗する。
214,ねごと,Sleep Talk,Status,normal,0,1.0,10,0,0,0,0,0,1,1,0.0,0,0,0,0,0.0,0,1,0,自分 自分が『ねむり』状態の時のみ使用可能。自分の持っている技のうち1つをランダムで使う。PPが減少するのはこの技のみ。
215,いやしのすず,Heal Bell,Status,normal,0,1.0,5,0,0,0,0,1,1,1,0.0,0,0,0,0,0.0,0,0,0,味方全体 自分と味方全体のポケモンの状態異常を治す。音系の技。味方が『みがわり』状態でも効果が発生する。この技は『ダイウォール』の効果も受けない。
216,おんがえし,Return,Physical,normal,0,1.0,20,0,0,0,1,0,1,1,0.0,0,0,0,0,0.0,1,1,0,
217,プレゼント,Present,Physical,normal,0,0.9,15,0,0,0,0,0,1,1,0.0,0,0,0,0,0.0,1,1,0,40%の確率で威力40、30%で威力80、10%の確率で威力120になり、20%の確率で相手のHPを最大HPの1/4回復する。
218,やつあたり,Frustration,Physical,normal,0,1.0,20,0,0,0,1,0,1,1,0.0,0,0,0,0,0.0,1,1,0,
219,しんぴのまもり,Safeguard,Status,normal,0,1.0,25,0,0,0,0,0,1,1,0.0,0,0,0,0,0.0,0,1,0,味方の場 5ターンの間、自分と味方のポケモンは状態異常にならなくなる。交代しても効果は続く。
220,いたみわけ,Pain Split,Status,normal,0,1.0,20,0,0,0,0,0,1,1,0.0,0,0,0,0,0.0,1,1,0,自分と相手のHPを2匹の残りHPの平均値にする(足して2で割る)。ダイマックス時は、もとのHPで平均値を計算して、もとのHPと平均値との差分値を現在のダイマックス時のHPから増減する。
222,マグニチュード,Magnitude,Physical,ground,0,1.0,30,0,0,0,0,0,1,1,0.0,0,0,0,0,0.0,1,1,0,
226,バトンタッチ,Baton Pass,Status,normal,0,1.0,40,0,0,0,0,0,1,1,0.0,0,0,0,0,0.0,0,1,0,自分 他の味方のポケモンと交代し、かかっていた補助効果を引き継ぐ。
227,アンコール,Encore,Status,normal,0,1.0,5,0,0,0,0,0,1,1,0.0,0,0,0,0,0.0,1,1,0,3ターンの間、相手は最後に使用した技しか使えなくなる。ただし、PPが0になると解除される。相手の技が『ものまね』『ゆびをふる』『オウムがえし』『へんしん』『わるあがき』『スケッチ』『ねごと』『アンコール』『しぜんのちから』『ねこのて』『さきどり』『まねっこ』『ダイマックスほう』『バーンアクセル』『ダークアクセル』『ポイズンアクセル』『ファイトアクセル』『マジカルアクセル』の場合は失敗する。ダイマックスしているポケモンには無効。なお、ダイマックス技や第7世代のZワザは影響を受けずに使うことができる。
230,あまいかおり,Sweet Scent,Status,normal,0,1.0,20,0,0,0,0,0,1,1,0.0,0,0,0,0,0.0,1,1,0,相手全体 相手の回避率を2段階下げる。
234,あさのひざし,Morning Sun,Status,normal,0,1.0,5,0,0,0,0,0,1,1,0.0,0,0,0,0,0.5,0,1,0,自分 HPが、天気が通常の時は最大HPの1/2、『にほんばれ』の時は最大HPの2/3、『あめ』『ゆき』『すなあらし』の時は最大HPの1/4回復する。
235,こうごうせい,Synthesis,Status,grass,0,1.0,5,0,0,0,0,0,1,1,0.0,0,0,0,0,0.5,0,1,0,自分 HPが、天気が通常の時は最大HPの1/2、『にほんばれ』の時は最大HPの2/3、『あめ』『ゆき』『すなあらし』の時は最大HPの1/4回復する。
236,つきのひかり,Moonlight,Status,fairy,0,1.0,5,0,0,0,0,0,1,1,0.0,0,0,0,0,0.5,0,1,0,自分 HPが、天気が通常の時は最大HPの1/2、『にほんばれ』の時は最大HPの2/3、『あめ』『ゆき』『すなあらし』の時は最大HPの1/4回復する。
240,あまごい,Rain Dance,Status,water,0,1.0,5,0,0,0,0,0,1,1,0.0,0,0,0,0,0.0,0,1,0,全体の場 5ターンの間、天気を『あめ』にする。『みず』タイプの技のダメージが1.5倍になり、『ほのお』タイプの技のダメージが半減する。
241,にほんばれ,Sunny Day,Status,fire,0,1.0,5,0,0,0,0,0,1,1,0.0,0,0,0,0,0.0,0,1,0,全体の場 5ターンの間、天気を『にほんばれ』にする。『ほのお』タイプの技のダメージが1.5倍になり、『みず』タイプの技のダメージが半減する。『こおり』状態にならない。
243,ミラーコート,Mirror Coat,Special,psychic,0,1.0,20,-5,0,0,0,0,1,1,0.0,0,0,0,0,0.0,1,1,0,不定 相手の特殊攻撃のダメージの2倍をその相手に与える。『ダブルバトル』の時は最後に受けた技のみ有効になる。必ず後攻になる(優先度:-5)。『あく』タイプには無効だが、それ以外のタイプ相性の影響を受けない。
244,じこあんじ,Psych Up,Status,normal,0,1.0,10,0,0,0,0,0,1,1,0.0,0,0,0,0,0.0,0,1,0,相手の能力ランクの変化を、すべて自分にコピーする。
251,ふくろだたき,Beat Up,Physical,dark,0,1.0,10,0,0,0,0,0,6,6,0.0,0,0,0,0,0.0,1,1,0,自分を含む『ひんし』や状態異常でない『てもち』のポケモンの数だけ攻撃する。
254,たくわえる,Stockpile,Status,normal,0,1.0,20,0,0,0,0,0,1,1,0.0,0,0,0,0,0.0,0,1,0,自分 自分の『ぼうぎょ』『とくぼう』ランクを1段階ずつ上げる。技『のみこむ』『はきだす』の効果を上げる。3回までたくわえることができる。
255,はきだす,Spit Up,Special,normal,0,1.0,10,0,0,0,0,0,1,1,0.0,0,0,0,0,0.0,1,1,0,技『たくわえる』を使った数だけ威力が高くなる。1つの時は100、2つの時は200、3つの時は300になる。技『たくわえる』で上がった『ぼうぎょ』『とくぼう』ランクは元に戻る。技『たくわえる』を使っていない時は失敗する。
256,のみこむ,Swallow,Status,normal,0,1.0,10,0,0,0,0,0,1,1,0.0,0,0,0,0,0.25,0,1,0,自分 技『たくわえる』を使った数だけHPが多く回復する。1つの時は最大HPの1/4、2つの時は最大HPの1/2、3つの時は全回復する。技『たくわえる』で上がった『ぼうぎょ』『とくぼう』ランクは元に戻る。技『たくわえる』を使っていない時は失敗する。
258,あられ,Hail,Status,ice,0,1.0,10,0,0,0,0,0,1,1,0.0,0,0,0,0,0.0,0,1,0,
259,いちゃもん,Torment,Status,dark,0,1.0,15,0,0,0,0,0,1,1,0.0,0,0,0,0,0.0,1,1,0,使用後、相手は同じ技を連続で出せなくなる。ダイマックスしている相手には無効。
260,おだてる,Flatter,Status,dark,0,1.0,15,0,0,0,0,0,1,1,0.0,0,1,0,0,0.0,1,1,0,相手を1～4ターンの間『こんらん』状態にするが、相手の『とくこう』ランクを1段階上げてしまう。
261,おにび,Will-O-Wisp,Status,fire,0,0.85,15,0,0,0,0,0,1,1,0.0,0,0,0,0,0.0,1,1,0,相手を『やけど』状態にする。『ほのお』タイプには無効。
262,おきみやげ,Memento,Status,dark,0,1.0,10,0,0,0,0,0,1,1,0.0,0,0,0,0,0.0,1,1,0,自分が『ひんし』になる代わりに、相手の『こうげき』『とくこう』ランクを2段階ずつ下げる。
266,このゆびとまれ,Follow Me,Status,normal,0,1.0,20,2,0,0,0,0,1,1,0.0,0,0,0,0,0.0,0,1,0,自分 必ず先制できる(優先度:+2)。そのターンの相手の技をすべて自分が受ける。ただし、全体技には効果がない。ダブルバトル用。
267,しぜんのちから,Nature Power,Status,normal,0,1.0,20,0,0,0,0,0,1,1,0.0,0,0,0,0,0.0,0,1,0,
268,じゅうでん,Charge,Status,electric,0,1.0,20,0,0,0,0,0,1,1,0.0,0,0,0,0,0.0,0,1,0,自分 一度だけ次回使う自分の『でんき』タイプの技の威力が2倍になる(第8世代までは次のターンまでだけ)。自分の『とくぼう』ランクが1段階上がる。
269,ちょうはつ,Taunt,Status,dark,0,1.0,20,0,0,0,0,0,1,1,0.0,0,0,0,0,0.0,1,1,0,3ターンの間、相手は攻撃技しか出せなくなる。(変化技を使えなくする)
270,てだすけ,Helping Hand,Status,normal,0,1.0,20,5,0,0,0,0,1,1,0.0,0,0,0,0,0.0,0,1,0,味方1体 必ず先制できる(優先度:+5)。使用したターンの間、味方の技の威力を1.5倍にする。
271,トリック,Trick,Status,psychic,0,1.0,10,0,0,0,0,0,1,1,0.0,0,0,0,0,0.0,1,1,0,相手と自分が持っている道具を入れ替える。片方しか道具を持っていない場合も成功する。
272,なりきり,Role Play,Status,psychic,0,1.0,10,0,0,0,0,0,1,1,0.0,0,0,0,0,0.0,0,1,0,自分の特性を相手の特性と同じにする。ただし、『ふしぎなまもり』など一部の固有な特性はコピーできない。
273,ねがいごと,Wish,Status,normal,0,1.0,10,0,0,0,0,0,1,1,0.0,0,0,0,0,0.0,0,1,0,自分 次のターンの終了時にHPが最大HPの半分回復する。交代した場合は同じ位置にいるポケモンが回復する。
274,ねこのて,Assist,Status,normal,0,1.0,20,0,0,0,0,0,1,1,0.0,0,0,0,0,0.0,0,1,0,
275,ねをはる,Ingrain,Status,grass,0,1.0,20,0,0,0,0,0,1,1,0.0,0,0,0,0,0.0,0,1,0,自分 使用後、毎ターン、HPが最大HPの1/16ずつ回復するが、交代できなくなる。自分が『ひこう』タイプや、特性『ふゆう』のポケモンの場合は『じめん』タイプの技が当たるようになる。
277,マジックコート,Magic Coat,Status,psychic,0,1.0,15,4,0,0,0,0,1,1,0.0,0,0,0,0,0.0,0,1,0,
278,リサイクル,Recycle,Status,normal,0,1.0,10,0,0,0,0,0,1,1,0.0,0,0,0,0,0.0,0,1,0,自分 自分が最後に使用した持ち物の道具を手に入れる。道具を持っている場合は失敗する。
281,あくび,Yawn,Status,normal,0,1.0,10,0,0,0,0,0,1,1,0.0,0,1,0,0,0.0,1,1,0,次のターン終了時に相手を2～4ターン(実質1～3ターン)の間『ねむり』状態にする。ただし、そのポケモンが交代されると効果は消える。
283,がむしゃら,Endeavor,Physical,normal,0,1.0,5,0,0,0,1,0,1,1,0.0,0,0,0,0,0.0,1,1,0,相手の残りHPから自分の残りHPを引いた分のダメージを与える。『ゴースト』タイプには無効だが、それ以外のタイプ相性の影響を受けない。
285,スキルスワップ,Skill Swap,Status,psychic,0,1.0,10,0,0,0,0,0,1,1,0.0,0,0,0,0,0.0,1,1,0,自分と相手の特性を入れ替える。ただし、『ふしぎなまもり』など一部の固有な特性は入れ替えられない。ダイマックスしている相手には無効。
286,ふういん,Imprison,Status,psychic,0,1.0,10,0,0,0,0,0,1,1,0.0,0,0,0,0,0.0,0,1,0,自分 自分が場を離れるまで、自分が覚えている技と同じ技を相手のポケモンは使えなくなる。
287,リフレッシュ,Refresh,Status,normal,0,1.0,20,0,0,0,0,0,1,1,0.0,0,0,0,0,0.0,0,1,0,
288,おんねん,Grudge,Status,ghost,0,1.0,5,0,0,0,0,0,1,1,0.0,0,0,0,0,0.0,0,1,0,
289,よこどり,Snatch,Status,dark,0,1.0,10,4,0,0,0,0,1,1,0.0,0,0,0,0,0.0,0,1,0,
293,ほごしょく,Camouflage,Status,normal,0,1.0,20,0,0,0,0,0,1,1,0.0,0,0,0,0,0.0,0,1,0,
294,ほたるび,Tail Glow,Status,bug,0,1.0,20,0,0,0,0,0,1,1,0.0,0,0,0,0,0.0,0,1,0,自分 自分の『とくこう』ランクが3段階上がる。
297,フェザーダンス,Feather Dance,Status,flying,0,1.0,15,0,0,0,0,0,1,1,0.0,0,0,0,0,0.0,1,1,0,相手の『こうげき』ランクを2段階下げる。
298,フラフラダンス,Teeter Dance,Status,normal,0,1.0,20,0,0,0,0,0,1,1,0.0,0,1,0,0,0.0,1,1,0,自分以外全体 相手を1～4ターンの間『こんらん』状態にする。
300,どろあそび,Mud Sport,Status,ground,0,1.0,15,0,0,0,0,0,1,1,0.0,0,0,0,0,0.0,0,1,0,
303,なまける,Slack Off,Status,normal,0,1.0,10,0,0,0,0,0,1,1,0.0,0,0,0,0,0.5,0,1,0,自分 HPが最大HPの半分回復する。
312,アロマセラピー,Aromatherapy,Status,grass,0,1.0,5,0,0,0,0,0,1,1,0.0,0,0,0,0,0.0,0,1,0,
313,うそなき,Fake Tears,Status,dark,0,1.0,20,0,0,0,0,0,1,1,0.0,0,0,0,0,0.0,1,1,0,相手の『とくぼう』ランクを2段階下げる。
316,かぎわける,Odor Sleuth,Status,normal,0,1.0,40,0,0,0,0,0,1,1,0.0,0,0,0,0,0.0,1,1,0,
319,きんぞくおん,Metal Sound,Status,steel,0,0.85,40,0,0,0,0,1,1,1,0.0,0,0,0,0,0.0,1,0,0,音系の技。相手の『とくぼう』ランクを2段階下げる。
320,くさぶえ,Grass Whistle,Status,grass,0,0.55,15,0,0,0,0,1,1,1,0.0,0,1,0,0,0.0,1,0,0,
321,くすぐる,Tickle,Status,normal,0,1.0,20,0,0,0,0,0,1,1,0.0,0,0,0,0,0.0,1,1,0,相手の『こうげき』『ぼうぎょ』ランクを1段階ずつ下げる。
322,コスモパワー,Cosmic Power,Status,psychic,0,1.0,20,0,0,0,0,0,1,1,0.0,0,0,0,0,0.0,0,1,0,自分 自分の『ぼうぎょ』『とくぼう』ランクが1段階ずつ上がる。
329,ぜったいれいど,Sheer Cold,Special,ice,0,0.3,5,0,0,1,0,0,1,1,0.0,0,0,0,0,0.0,1,1,0,相手を『ひんし』状態にする。相手のレベルが自分より高いと失敗する。(30＋自分のレベル－相手のレベル)が命中率になる。第7世代以降は『こおり』タイプ以外のポケモンが使うと命中率が下がり(20＋自分のレベル－相手のレベル？)、また相手が『こおり』タイプの場合は効果がない。ダイマックスしている相手にも無効。
334,てっぺき,Iron Defense,Status,steel,0,1.0,15,0,0,0,0,0,1,1,0.0,0,0,0,0,0.0,0,1,0,自分 自分の『ぼうぎょ』ランクを2段階上げる。
335,とおせんぼう,Block,Status,normal,0,1.0,5,0,0,0,0,0,1,1,0.0,0,0,0,0,0.0,0,1,0,1体選択『ゴースト』タイプではない相手は逃げたり、交代できなくなる。自分が場を離れると効果は消える。
336,とおぼえ,Howl,Status,normal,0,1.0,40,0,0,0,0,1,1,1,0.0,0,0,0,0,0.0,0,0,0,味方全体 自分と味方全体の『こうげき』ランクを1段階ずつ上げる(第7世代までは、対象は自分のみ)。第8世代からは、音系の技。この技は『ダイウォール』の効果も受けない。
339,ビルドアップ,Bulk Up,Status,fighting,0,1.0,20,0,0,0,0,0,1,1,0.0,0,0,0,0,0.0,0,1,0,自分 自分の『こうげき』『ぼうぎょ』ランクを1段階ずつ上げる。
346,みずあそび,Water Sport,Status,water,0,1.0,15,0,0,0,0,0,1,1,0.0,0,0,0,0,0.0,0,1,0,
347,めいそう,Calm Mind,Status,psychic,0,1.0,20,0,0,0,0,0,1,1,0.0,0,0,0,0,0.0,0,1,0,自分 自分の『とくこう』『とくぼう』ランクが1段階ずつ上がる。
349,りゅうのまい,Dragon Dance,Status,dragon,0,1.0,20,0,0,0,0,0,1,1,0.0,0,0,0,0,0.0,0,1,0,自分 自分の『こうげき』『すばやさ』ランクを1段階ずつ上げる。
355,はねやすめ,Roost,Status,flying,0,1.0,10,0,0,0,0,0,1,1,0.0,0,0,0,0,0.5,0,1,0,自分 HPが最大HPの半分回復するが、そのターンは『ひこう』タイプではなくなる。
356,じゅうりょく,Gravity,Status,psychic,0,1.0,5,0,0,0,0,0,1,1,0.0,0,0,0,0,0.0,0,1,0,全体の場 5ターンの間、すべてのポケモンの命中率が5/3倍(約1.67倍、1.6倍の説もあり)になる。また、特性『ふゆう』や、『ひこう』タイプのポケモンに『じめん』タイプの技が当たるようになる。技『そらをとぶ』『はねる』『とびげり』『とびひざげり』『とびはねる』『でんじふゆう』『フライングプレス』『フリーフォール』が使えなくなり、使用している場合は解除される。『テレキネシス』を受けなくなり、受けている場合は解除される。技『Gのちから』の威力が1.5倍になる。
357,ミラクルアイ,Miracle Eye,Status,psychic,0,1.0,40,0,0,0,0,0,1,1,0.0,0,0,0,0,0.0,1,1,0,
360,ジャイロボール,Gyro Ball,Physical,steel,0,1.0,5,0,0,0,1,0,1,1,0.0,0,0,0,0,0.0,1,1,0,相手より『すばやさ』が低いほど威力が高くなる。(25×相手のすばやさ÷自分のすばやさ)+1が威力になる。ただし最大威力は150。小数点以下は切り捨て。
361,いやしのねがい,Healing Wish,Status,psychic,0,1.0,10,0,0,0,0,0,1,1,0.0,0,0,0,0,0.0,0,1,0,自分 自分が『ひんし』になる代わりに、次に出す自分のポケモンの状態異常とHPが全回復する。
363,しぜんのめぐみ,Natural Gift,Physical,normal,0,1.0,15,0,0,0,0,0,1,1,0.0,0,0,0,0,0.0,1,1,0,
366,おいかぜ,Tailwind,Status,flying,0,1.0,15,0,0,0,0,0,1,1,0.0,0,0,0,0,0.0,0,1,0,味方の場 4ターンの間、自分と味方の『すばやさ』が2倍になる。
367,つぼをつく,Acupressure,Status,normal,0,1.0,30,0,0,0,0,0,1,1,0.0,0,0,0,0,0.0,0,1,0,自分か味方 ランダムで『こうげき』『ぼうぎょ』『とくこう』『とくぼう』『すばやさ』『回避率』『命中率』ランクのどれか1つが2段階上がる。この技は『ダイウォール』の効果も受けない。
368,メタルバースト,Metal Burst,Physical,steel,0,1.0,10,0,0,0,0,0,1,1,0.0,0,0,0,0,0.0,1,1,0,不定 そのターンに最後に受けた技のダメージの1.5倍をその相手に与える。ダメージを受けていない時は失敗する。タイプ相性の影響を受けない。
373,さしおさえ,Embargo,Status,dark,0,1.0,15,0,0,0,0,0,1,1,0.0,0,1,0,0,0.0,1,1,0,
374,なげつける,Fling,Physical,dark,0,1.0,10,0,0,0,0,0,1,1,0.0,0,0,0,0,0.0,1,1,0,自分の持っている道具によって効果が変化する。投げつけた道具はなくなる。
375,サイコシフト,Psycho Shift,Status,psychic,0,1.0,10,0,0,0,0,0,1,1,0.0,0,0,0,0,0.0,1,1,0,
376,きりふだ,Trump Card,Special,normal,0,1.0,5,0,0,0,1,0,1,1,0.0,0,0,0,0,0.0,1,1,0,
377,かいふくふうじ,Heal Block,Status,psychic,0,1.0,15,0,0,0,0,0,1,1,0.0,0,1,0,0,0.0,1,1,0,
378,しぼりとる,Wring Out,Special,normal,0,1.0,5,0,0,0,1,0,1,1,0.0,0,0,0,0,0.0,1,1,0,
379,パワートリック,Power Trick,Status,psychic,0,1.0,10,0,0,0,0,0,1,1,0.0,0,0,0,0,0.0,0,1,0,自分 自分の『こうげき』と『ぼうぎょ』を入れ替える。『ランク』は変化しない。
380,いえき,Gastro Acid,Status,poison,0,1.0,10,0,0,0,0,0,1,1,0.0,0,0,0,0,0.0,1,1,0,相手の特性を無効にする。ただし、『バトルスイッチ』『ばけのかわ』などフォルムに関わる特性や、一部の固有の特性などには効かない。
381,おまじない,Lucky Chant,Status,normal,0,1.0,30,0,0,0,0,0,1,1,0.0,0,0,0,0,0.0,0,1,0,
382,さきどり,Me First,Status,normal,0,1.0,20,0,0,0,0,0,1,1,0.0,0,0,0,0,0.0,1,1,0,
383,まねっこ,Copycat,Status,normal,0,1.0,20,0,0,0,0,0,1,1,0.0,0,0,0,0,0.0,0,1,0,自分 最後に使われた技で相手に攻撃する。自分の技も対象となる。最後の技がダイマックス技の場合、元となった技が使われる。
384,パワースワップ,Power Swap,Status,psychic,0,1.0,10,0,0,0,0,0,1,1,0.0,0,0,0,0,0.0,1,1,0,自分と相手の『こうげき』『とくこう』ランクを入れ替える。
385,ガードスワップ,Guard Swap,Status,psychic,0,1.0,10,0,0,0,0,0,1,1,0.0,0,0,0,0,0.0,1,1,0,自分と相手の『ぼうぎょ』『とくぼう』ランクを入れ替える。
386,おしおき,Punishment,Physical,dark,0,1.0,5,0,0,0,1,0,1,1,0.0,0,0,0,0,0.0,1,1,0,
388,なやみのタネ,Worry Seed,Status,grass,0,1.0,10,0,0,0,0,0,1,1,0.0,0,0,0,0,0.0,1,1,0,相手の特性を『ふみん』にする。ただし、『なまけ』『バトルスイッチ』など一部の固有な特性の場合は失敗する。
390,どくびし,Toxic Spikes,Status,poison,0,1.0,20,0,0,0,0,0,1,1,0.0,0,0,0,0,0.0,0,1,0,相手の場 相手の場を『どくびし』状態にし、相手はポケモンを交代する度に、出したポケモンが『どく』状態になる。2回使うと『もうどく』状態になる。『どく』『はがね』『ひこう』タイプ、特性『ふゆう』のポケモンは効果を受けない。『どく』タイプのポケモンが出ると効果がなくなる。
391,ハートスワップ,Heart Swap,Status,psychic,0,1.0,10,0,0,0,0,0,1,1,0.0,0,0,0,0,0.0,1,1,0,自分と相手のすべての能力ランクを入れ替える。
392,アクアリング,Aqua Ring,Status,water,0,1.0,20,0,0,0,0,0,1,1,0.0,0,0,0,0,0.0,0,1,0,自分 使用後、毎ターン、HPが最大HPの1/16ずつ回復する。
393,でんじふゆう,Magnet Rise,Status,electric,0,1.0,10,0,0,0,0,0,1,1,0.0,0,0,0,0,0.0,0,1,0,自分 5ターンの間、『ふゆう』状態となり、『じめん』タイプの技や、『グラスフィールド』『ミストフィールド』『エレキフィールド』『サイコフィールド』などの効果を受けなくなる。
397,ロックカット,Rock Polish,Status,rock,0,1.0,20,0,0,0,0,0,1,1,0.0,0,0,0,0,0.0,0,1,0,自分 自分の『すばやさ』ランクが2段階上がる。
415,すりかえ,Switcheroo,Status,dark,0,1.0,10,0,0,0,0,0,1,1,0.0,0,0,0,0,0.0,1,1,0,相手と自分が持っている道具を入れ替える。片方しか道具を持っていない場合も成功する。
417,わるだくみ,Nasty Plot,Status,dark,0,1.0,20,0,0,0,0,0,1,1,0.0,0,0,0,0,0.0,0,1,0,自分 自分の『とくこう』ランクを2段階上げる。
432,きりばらい,Defog,Status,flying,0,1.0,15,0,0,0,0,0,1,1,0.0,0,0,0,0,0.0,1,1,0,相手の回避率を1段階下げる。相手の場の『しろいきり』『ひかりのかべ』『リフレクター』『しんぴのまもり』『オーロラベール』、両方の場の『まきびし』『どくびし』『ステルスロック』『ねばねばネット』、さらに第8世代からは『エレキフィールド』『グラスフィールド』『サイコフィールド』『ミストフィールド』の効果を解除する。相手が『みがわり』状態の場合、回避率を下げる効果のみ失敗する。
433,トリックルーム,Trick Room,Status,psychic,0,1.0,5,-7,0,0,0,0,1,1,0.0,0,0,0,0,0.0,0,1,0,全体の場 5ターンの間、『すばやさ』が低いポケモンから攻撃できるようになる。ただし、必ず先制できる技には無効。もう1度使用すると元に戻る。必ず後攻になる(優先度:-7)。
445,ゆうわく,Captivate,Status,normal,0,1.0,20,0,0,0,0,0,1,1,0.0,0,0,0,0,0.0,1,1,0,
446,ステルスロック,Stealth Rock,Status,rock,0,1.0,20,0,0,0,0,0,1,1,0.0,0,0,0,0,0.0,0,1,0,相手の場 使用後、相手はポケモンを交代する度に、出てきたポケモンは最大HPの1/8のダメージを受ける。『タイプ』相性の影響を受け、例えば4倍弱点の場合は最大HPの1/2のダメージとなる。
447,くさむすび,Grass Knot,Special,grass,0,1.0,20,0,0,0,1,0,1,1,0.0,0,0,0,0,0.0,1,1,0,相手の『おもさ』が重いほど威力が高くなる。10kg未満は20、25kg未満は40、50kg未満は60、100kg未満は80、200kg未満は100、それ以上は120。ダイマックスしている相手には無効。
455,ぼうぎょしれい,Defend Order,Status,bug,0,1.0,10,0,0,0,0,0,1,1,0.0,0,0,0,0,0.0,0,1,0,自分 自分の『ぼうぎょ』『とくぼう』ランクが1段階ずつ上がる。
456,かいふくしれい,Heal Order,Status,bug,0,1.0,10,0,0,0,0,0,1,1,0.0,0,0,0,0,0.5,0,1,0,
461,みかづきのまい,Lunar Dance,Status,psychic,0,1.0,10,0,0,0,0,0,1,1,0.0,0,0,0,0,0.0,0,1,0,自分 自分が『ひんし』になる代わりに、次に出す自分のポケモンのすべての状態が全回復する。
462,にぎりつぶす,Crush Grip,Physical,normal,0,1.0,5,0,0,0,1,0,1,1,0.0,0,0,0,0,0.0,1,1,0,相手の残りHPが多いほど威力が高くなる。(120×相手の残りHP÷相手の最大HP)が威力になる。
464,ダークホール,Dark Void,Status,dark,0,0.5,10,0,0,0,0,0,1,1,0.0,0,1,0,0,0.0,1,1,0,相手全体 相手を2～4ターン(実質1～3ターン)の間『ねむり』状態にする。『ダークライ』以外のポケモンが使うと失敗する。
468,つめとぎ,Hone Claws,Status,dark,0,1.0,15,0,0,0,0,0,1,1,0.0,0,0,0,0,0.0,0,1,0,自分 自分の『こうげき』『命中率』ランクが1段階ずつ上がる。
469,ワイドガード,Wide Guard,Status,rock,0,1.0,10,3,0,0,0,0,1,1,0.0,0,0,0,0,0.0,0,1,1,味方の場 必ず先制でき(優先度:+3)、そのターンの間、自分と味方は相手や味方が使った複数のポケモンが対象の技を受けない。
470,ガードシェア,Guard Split,Status,psychic,0,1.0,10,0,0,0,0,0,1,1,0.0,0,0,0,0,0.0,1,1,0,自分と相手の『ぼうぎょ』と『とくぼう』を足して半分に分ける。
471,パワーシェア,Power Split,Status,psychic,0,1.0,10,0,0,0,0,0,1,1,0.0,0,0,0,0,0.0,1,1,0,自分と相手の『こうげき』と『とくこう』を足して半分に分ける。
472,ワンダールーム,Wonder Room,Status,psychic,0,1.0,10,0,0,0,0,0,1,1,0.0,0,0,0,0,0.0,0,1,0,全体の場 5ターンの間、すべてのポケモンの『ぼうぎょ』と『とくぼう』の能力値が入れ替わる。もう1度使用すると元に戻る。
475,ボディパージ,Autotomize,Status,steel,0,1.0,15,0,0,0,0,0,1,1,0.0,0,0,0,0,0.0,0,1,0,
476,いかりのこな,Rage Powder,Status,bug,0,1.0,20,2,0,0,0,0,1,1,0.0,0,0,0,0,0.0,0,1,0,自分 必ず先制できる(優先度:+2)。そのターンの相手の技をすべて自分が受ける。ただし、全体技には効果がない。『くさ』タイプや特性『ぼうじん』、道具『ぼうじんゴーグル』を持っているポケモンには無効。ダブルバトル用。
477,テレキネシス,Telekinesis,Status,psychic,0,1.0,15,0,0,0,0,0,1,1,0.0,0,1,0,0,0.0,1,1,0,
478,マジックルーム,Magic Room,Status,psychic,0,1.0,10,0,0,0,0,0,1,1,0.0,0,0,0,0,0.0,0,1,0,全体の場 5ターンの間、すべてのポケモンの道具の効果がなくなる。
483,ちょうのまい,Quiver Dance,Status,bug,0,1.0,20,0,0,0,0,0,1,1,0.0,0,0,0,0,0.0,0,1,0,自分 自分の『とくこう』『とくぼう』『すばやさ』ランクが1段階ずつ上がる。
484,ヘビーボンバー,Heavy Slam,Physical,steel,0,1.0,10,0,0,0,1,0,1,1,0.0,0,0,0,0,0.0,1,1,0,自分の『おもさ』が相手より重いほど威力が高くなる。相手の『おもさ』が自分の1/5以下なら120、1/4以下なら100、1/3以下なら80、1/2以下なら60、それより大きければ40。相手が技『ちいさくなる』を使用していると必ず命中し、威力が2倍になる(第7世代以降)。ダイマックスしている相手には無効。
486,エレキボール,Electro Ball,Special,electric,0,1.0,10,0,0,0,0,0,1,1,0.0,0,0,0,0,0.0,1,1,0,相手より『すばやさ』が高いほど威力が高くなる。1倍未満は40、2倍未満は60、3倍未満は80、4倍未満は120、それ以上は150。
487,みずびたし,Soak,Status,water,0,1.0,20,0,0,0,0,0,1,1,0.0,0,0,0,0,0.0,1,1,0,相手を『みず』タイプにする。
489,とぐろをまく,Coil,Status,poison,0,1.0,20,0,0,0,0,0,1,1,0.0,0,0,0,0,0.0,0,1,0,自分 自分の『こうげき』『ぼうぎょ』『命中率』ランクが1段階ずつ上がる。
493,シンプルビーム,Simple Beam,Status,normal,0,1.0,15,0,0,0,0,0,1,1,0.0,0,0,0,0,0.0,1,1,0,相手の特性が『たんじゅん』になる。(ダブルバトルで味方に使うと良い)
494,なかまづくり,Entrainment,Status,normal,0,1.0,15,0,0,0,0,0,1,1,0.0,0,0,0,0,0.0,1,1,0,相手の特性を自分と同じ特性にする。ダイマックスしている相手には無効。
495,おさきにどうぞ,After You,Status,normal,0,1.0,15,0,0,0,0,0,1,1,0.0,0,0,0,0,0.0,0,1,0,相手は『すばやさ』に関係なく、この技を受けた直後に行動できるようになる。ダブルバトル用。
501,ファストガード,Quick Guard,Status,fighting,0,1.0,15,3,0,0,0,0,1,1,0.0,0,0,0,0,0.0,0,1,1,味方の場 必ず先制でき(優先度:+3)、そのターンの間、自分と味方は相手の先制攻撃の技を受けない。特性の効果による先制攻撃も受けない。
502,サイドチェンジ,Ally Switch,Status,psychic,0,1.0,15,2,0,0,0,0,1,1,0.0,0,0,0,0,0.0,0,1,0,自分 必ず先制できる(優先度:+2)。自分と味方1体の位置を交代する。ダブルバトル用。第9世代からは、連続で使うと失敗しやすくなる。
504,からをやぶる,Shell Smash,Status,normal,0,1.0,15,0,0,0,0,0,1,1,0.0,0,0,0,0,0.0,0,1,0,自分 自分の『ぼうぎょ』『とくぼう』ランクが1段階ずつ下がり、『こうげき』『とくこう』『すばやさ』ランクが2段階ずつ上がる。
505,いやしのはどう,Heal Pulse,Status,psychic,0,1.0,10,0,0,0,0,0,1,1,0.0,0,0,0,0,0.5,1,1,0,相手は最大HPの1/2回復する。(ダブルバトルで味方に使うと良い)
508,ギアチェンジ,Shift Gear,Status,steel,0,1.0,10,0,0,0,0,0,1,1,0.0,0,0,0,0,0.0,0,1,0,自分 自分の『すばやさ』ランクが2段階、『こうげき』ランクが1段階上がる。
511,さきおくり,Quash,Status,dark,0,1.0,15,0,0,0,0,0,1,1,0.0,0,0,0,0,0.0,1,1,0,相手は『すばやさ』に関係なく、行動が最後になる。ダブルバトル用。
513,ミラータイプ,Reflect Type,Status,normal,0,1.0,15,0,0,0,0,0,1,1,0.0,0,0,0,0,0.0,1,1,0,自分の『タイプ』を相手と同じ『タイプ』にする。相手がテラスタルしている時はテラスタイプをコピーするが、相手が『ステラ』タイプにテラスタルしている場合は元のタイプをコピーする。
515,いのちがけ,Final Gambit,Special,fighting,0,1.0,5,0,0,0,0,0,1,1,0.0,0,0,0,0,0.0,1,1,0,自分のHPを0にし、その分のダメージを相手に与える。『ゴースト』タイプには無効だが、それ以外のタイプ相性の影響を受けない。
516,ギフトパス,Bestow,Status,normal,0,1.0,15,0,0,0,0,0,1,1,0.0,0,0,0,0,0.0,0,1,0,
526,ふるいたてる,Work Up,Status,normal,0,1.0,30,0,0,0,0,0,1,1,0.0,0,0,0,0,0.0,0,1,0,自分 自分の『こうげき』『とくこう』ランクが1段階ずつ上がる。
535,ヒートスタンプ,Heat Crash,Physical,fire,0,1.0,10,0,0,0,1,0,1,1,0.0,0,0,0,0,0.0,1,1,0,自分の『おもさ』が相手より重いほど威力が高くなる。相手の『おもさ』が自分の1/5以下なら120、1/4以下なら100、1/3以下なら80、1/2以下なら60、それ以上なら40。相手が技『ちいさくなる』を使用していると必ず命中し、威力が2倍になる。ダイマックスしている相手には無効。
538,コットンガード,Cotton Guard,Status,grass,0,1.0,10,0,0,0,0,0,1,1,0.0,0,0,0,0,0.0,0,1,0,自分 自分の『ぼうぎょ』ランクが3段階上がる。
561,たたみがえし,Mat Block,Status,fighting,0,1.0,10,0,0,0,0,0,1,1,0.0,0,0,0,0,0.0,0,1,1,
563,たがやす,Rototiller,Status,ground,0,1.0,10,0,0,0,0,0,1,1,0.0,0,0,0,0,0.0,0,1,0,
564,ねばねばネット,Sticky Web,Status,bug,0,1.0,20,0,0,0,0,0,1,1,0.0,0,0,0,0,0.0,0,1,0,相手の場 使用後、相手はポケモンを交代する度に、出てきたポケモンの『すばやさ』ランクが1段階下がる。『ひこう』タイプや特性『ふゆう』のポケモンは影響を受けない。
567,ハロウィン,Trick-or-Treat,Status,ghost,0,1.0,20,0,0,0,0,0,1,1,0.0,0,0,0,0,0.0,1,1,0,
568,おたけび,Noble Roar,Status,normal,0,1.0,30,0,0,0,0,1,1,1,0.0,0,0,0,0,0.0,1,0,0,相手の『こうげき』『とくこう』ランクを1段階ずつ下げる。音系の技。相手の『みがわり』状態を貫通する。
569,プラズマシャワー,Ion Deluge,Status,electric,0,1.0,25,1,0,0,0,0,1,1,0.0,0,0,0,0,0.0,0,1,0,
571,もりののろい,Forest’s Curse,Status,grass,0,1.0,20,0,0,0,0,0,1,1,0.0,0,0,0,0,0.0,1,1,0,相手の『タイプ』に『くさ』タイプを追加する。
575,すてゼリフ,Parting Shot,Status,dark,0,1.0,20,0,0,0,0,1,1,1,0.0,0,0,0,0,0.0,1,0,0,相手の『こうげき』『とくこう』ランクを1段階下げたあと、手持ちのポケモンと入れ替わる。音系の技。相手の『みがわり』状態を貫通する。
576,ひっくりかえす,Topsy-Turvy,Status,dark,0,1.0,20,0,0,0,0,0,1,1,0.0,0,0,0,0,0.0,1,1,0,相手のすべての能力ランクのプラスとマイナスを逆にする。
578,トリックガード,Crafty Shield,Status,fairy,0,1.0,10,3,0,0,0,0,1,1,0.0,0,0,0,0,0.0,0,1,1,
579,フラワーガード,Flower Shield,Status,fairy,0,1.0,10,0,0,0,0,0,1,1,0.0,0,0,0,0,0.0,0,1,0,
580,グラスフィールド,Grassy Terrain,Status,grass,0,1.0,10,0,0,0,0,0,1,1,0.0,0,0,0,0,0.0,0,1,0,全体の場 5ターンの間、場の状態を『グラスフィールド』にする。『ひこう』タイプや特性『ふゆう』などではない地面にいるすべてのポケモンは、毎ターン最大HPの1/16ずつ回復し、また『くさ』タイプの技の威力が1.3倍になり(第7世代までは1.5倍)、技『じしん』『じならし』『マグニチュード』の受けるダメージが半減する。道具『グラスシード』を持ったポケモンは『ぼうぎょ』ランクが1段階上がる。
581,ミストフィールド,Misty Terrain,Status,fairy,0,1.0,10,0,0,0,0,0,1,1,0.0,0,0,0,0,0.0,0,1,0,全体の場 5ターンの間、場の状態を『ミストフィールド』にする。『ひこう』タイプや特性『ふゆう』などではない地面にいるすべてのポケモンは、状態異常にならず、また『ドラゴン』タイプの技の受けるダメージが半減する。すでに状態異常の場合は回復しない。道具『ミストシード』を持ったポケモンは『とくぼう』ランクが1段階上がる。
582,そうでん,Electrify,Status,electric,0,1.0,20,0,0,0,0,0,1,1,0.0,0,0,0,0,0.0,1,1,0,
587,フェアリーロック,Fairy Lock,Status,fairy,0,1.0,10,0,0,0,0,0,1,1,0.0,0,0,0,0,0.0,0,1,0,全体の場 次のターン終了まで、すべての『ゴースト』タイプではないポケモンは逃げたり交代できなくなる。
588,キングシールド,King’s Shield,Status,steel,0,1.0,10,4,0,0,0,0,1,1,0.0,0,0,0,0,0.0,0,1,0,
589,なかよくする,Play Nice,Status,normal,0,1.0,20,0,0,0,0,0,1,1,0.0,0,0,0,0,0.0,0,1,0,相手の『こうげき』ランクを1段階下げる。自分の命中率、相手の回避率に関係なく必ず命中する。相手の『まもる』『みきり』『トーチカ』『ニードルガード』『ブロッキング』『スレッドトラップ』『かえんのまもり』の効果を受けない(『ダイウォール』を除く)。相手の『みがわり』状態を貫通する。
590,ないしょばなし,Confide,Status,normal,0,1.0,20,0,0,0,0,1,1,1,0.0,0,0,0,0,0.0,0,0,0,相手の『とくこう』ランクを1段階下げる。自分の命中率、相手の回避率に関係なく必ず命中する。相手の『まもる』『みきり』『トーチカ』『ニードルガード』『ブロッキング』『スレッドトラップ』『かえんのまもり』の効果を受けない(『ダイウォール』を除く)。音系の技。相手の『みがわり』状態を貫通する。
596,ニードルガード,Spiky Shield,Status,grass,0,1.0,10,4,0,0,0,0,1,1,0.0,0,0,0,0,0.0,0,1,1,自分 必ず先制でき(優先度:+4)、そのターンの間、相手の攻撃を防ぐと同時に、直接攻撃をした相手に相手の最大HPの1/8のダメージを与える。連続で使うと失敗しやすくなる。ダイマックス技や第7世代のZワザの攻撃技は貫通し、1/4のダメージを受ける。
597,アロマミスト,Aromatic Mist,Status,fairy,0,1.0,20,0,0,0,0,0,1,1,0.0,0,0,0,0,0.0,0,1,0,味方1体 味方1体の『とくぼう』を1段階上げる(ダブルバトル用)。この技は『ダイウォール』の効果も受けない。
598,かいでんぱ,Eerie Impulse,Status,electric,0,1.0,15,0,0,0,0,0,1,1,0.0,0,0,0,0,0.0,1,1,0,相手の『とくこう』ランクを2段階下げる。
599,ベノムトラップ,Venom Drench,Status,poison,0,1.0,20,0,0,0,0,0,1,1,0.0,0,0,0,0,0.0,1,1,0,
600,ふんじん,Powder,Status,bug,0,1.0,20,1,0,0,0,0,1,1,0.0,0,0,0,0,0.0,1,1,0,
601,ジオコントロール,Geomancy,Status,fairy,0,1.0,10,0,0,0,0,0,1,1,0.0,0,0,0,1,0.0,0,1,0,
602,じばそうさ,Magnetic Flux,Status,electric,0,1.0,20,0,0,0,0,0,1,1,0.0,0,0,0,0,0.0,0,1,0,味方全体 自分と味方全体の特性が『プラス』『マイナス』のポケモンの『ぼうぎょ』『とくぼう』ランクが1段階ずつ上がる。なお、『ダイウォール』は貫通しない。
603,ハッピータイム,Happy Hour,Status,normal,0,1.0,30,0,0,0,0,0,1,1,0.0,0,0,0,0,0.0,0,1,0,味方の場 戦闘後に得られる賞金が2倍になる。
604,エレキフィールド,Electric Terrain,Status,electric,0,1.0,10,0,0,0,0,0,1,1,0.0,0,0,0,0,0.0,0,1,0,全体の場 5ターンの間、場の状態を『エレキフィールド』にする。『ひこう』タイプや特性『ふゆう』などではない地面にいるすべてのポケモンは、『ねむり』『あくび』(ねむけ)状態にならず、また『でんき』タイプの技の威力が1.3倍になる(第7世代までは1.5倍)。すでに『ねむり』状態の場合は回復しない。道具『エレキシード』を持ったポケモンは『ぼうぎょ』ランクが1段階上がる。
606,おいわい,Celebrate,Status,normal,0,1.0,40,0,0,0,0,0,1,1,0.0,0,0,0,0,0.0,0,1,0,自分 効果なし。
607,てをつなぐ,Hold Hands,Status,normal,0,1.0,40,0,0,0,0,0,1,1,0.0,0,0,0,0,0.0,0,1,0,味方1体 効果なし。
608,つぶらなひとみ,Baby-Doll Eyes,Status,fairy,0,1.0,30,1,0,0,0,0,1,1,0.0,0,0,0,0,0.0,1,1,0,必ず先制できる(優先度:+1)。相手の『こうげき』ランクを1段階下げる。
622,ウルトラダッシュアタック,Breakneck Blitz,Physical,normal,0,1.0,1,0,0,0,0,0,1,1,0.0,0,0,0,0,0.0,0,1,0,
623,ウルトラダッシュアタック,Breakneck Blitz,Special,normal,0,1.0,1,0,0,0,0,0,1,1,0.0,0,0,0,0,0.0,0,1,0,
624,ぜんりょくむそうげきれつけん,All-Out Pummeling,Physical,fighting,0,1.0,1,0,0,0,0,0,1,1,0.0,0,0,0,0,0.0,0,1,0,
625,ぜんりょくむそうげきれつけん,All-Out Pummeling,Special,fighting,0,1.0,1,0,0,0,0,0,1,1,0.0,0,0,0,0,0.0,0,1,0,
626,ファイナルダイブクラッシュ,Supersonic Skystrike,Physical,flying,0,1.0,1,0,0,0,0,0,1,1,0.0,0,0,0,0,0.0,0,1,0,
627,ファイナルダイブクラッシュ,Supersonic Skystrike,Special,flying,0,1.0,1,0,0,0,0,0,1,1,0.0,0,0,0,0,0.0,0,1,0,
628,アシッドポイズンデリート,Acid Downpour,Physical,poison,0,1.0,1,0,0,0,0,0,1,1,0.0,0,0,0,0,0.0,0,1,0,
629,アシッドポイズンデリート,Acid Downpour,Special,poison,0,1.0,1,0,0,0,0,0,1,1,0.0,0,0,0,0,0.0,0,1,0,
630,ライジングランドオーバー,Tectonic Rage,Physical,ground,0,1.0,1,0,0,0,0,0,1,1,0.0,0,0,0,0,0.0,0,1,0,
631,ライジングランドオーバー,Tectonic Rage,Special,ground,0,1.0,1,0,0,0,0,0,1,1,0.0,0,0,0,0,0.0,0,1,0,
632,ワールズエンドフォール,Continental Crush,Physical,rock,0,1.0,1,0,0,0,0,0,1,1,0.0,0,0,0,0,0.0,0,1,0,
633,ワールズエンドフォール,Continental Crush,Special,rock,0,1.0,1,0,0,0,0,0,1,1,0.0,0,0,0,0,0.0,0,1,0,
634,ぜったいほしょくかいてんざん,Savage Spin-Out,Physical,bug,0,1.0,1,0,0,0,0,0,1,1,0.0,0,0,0,0,0.0,0,1,0,
635,ぜったいほしょくかいてんざん,Savage Spin-Out,Special,bug,0,1.0,1,0,0,0,0,0,1,1,0.0,0,0,0,0,0.0,0,1,0,
636,むげんあんやへのいざない,Never-Ending Nightmare,Physical,ghost,0,1.0,1,0,0,0,0,0,1,1,0.0,0,0,0,0,0.0,0,1,0,
637,むげんあんやへのいざない,Never-Ending Nightmare,Special,ghost,0,1.0,1,0,0,0,0,0,1,1,0.0,0,0,0,0,0.0,0,1,0,
638,ちょうぜつらせんれんげき,Corkscrew Crash,Physical,steel,0,1.0,1,0,0,0,0,0,1,1,0.0,0,0,0,0,0.0,0,1,0,
639,ちょうぜつらせんれんげき,Corkscrew Crash,Special,steel,0,1.0,1,0,0,0,0,0,1,1,0.0,0,0,0,0,0.0,0,1,0,
640,ダイナミックフルフレイム,Inferno Overdrive,Physical,fire,0,1.0,1,0,0,0,0,0,1,1,0.0,0,0,0,0,0.0,0,1,0,
641,ダイナミックフルフレイム,Inferno Overdrive,Special,fire,0,1.0,1,0,0,0,0,0,1,1,0.0,0,0,0,0,0.0,0,1,0,
642,スーパーアクアトルネード,Hydro Vortex,Physical,water,0,1.0,1,0,0,0,0,0,1,1,0.0,0,0,0,0,0.0,0,1,0,
643,スーパーアクアトルネード,Hydro Vortex,Special,water,0,1.0,1,0,0,0,0,0,1,1,0.0,0,0,0,0,0.0,0,1,0,
644,ブルームシャインエクストラ,Bloom Doom,Physical,grass,0,1.0,1,0,0,0,0,0,1,1,0.0,0,0,0,0,0.0,0,1,0,
645,ブルームシャインエクストラ,Bloom Doom,Special,grass,0,1.0,1,0,0,0,0,0,1,1,0.0,0,0,0,0,0.0,0,1,0,
646,スパーキングギガボルト,Gigavolt Havoc,Physical,electric,0,1.0,1,0,0,0,0,0,1,1,0.0,0,0,0,0,0.0,0,1,0,
647,スパーキングギガボルト,Gigavolt Havoc,Special,electric,0,1.0,1,0,0,0,0,0,1,1,0.0,0,0,0,0,0.0,0,1,0,
648,マキシマムサイブレイカー,Shattered Psyche,Physical,psychic,0,1.0,1,0,0,0,0,0,1,1,0.0,0,0,0,0,0.0,0,1,0,
649,マキシマムサイブレイカー,Shattered Psyche,Special,psychic,0,1.0,1,0,0,0,0,0,1,1,0.0,0,0,0,0,0.0,0,1,0,
650,レイジングジオフリーズ,Subzero Slammer,Physical,ice,0,1.0,1,0,0,0,0,0,1,1,0.0,0,0,0,0,0.0,0,1,0,
651,レイジングジオフリーズ,Subzero Slammer,Special,ice,0,1.0,1,0,0,0,0,0,1,1,0.0,0,0,0,0,0.0,0,1,0,
652,アルティメットドラゴンバーン,Devastating Drake,Physical,dragon,0,1.0,1,0,0,0,0,0,1,1,0.0,0,0,0,0,0.0,0,1,0,
653,アルティメットドラゴンバーン,Devastating Drake,Special,dragon,0,1.0,1,0,0,0,0,0,1,1,0.0,0,0,0,0,0.0,0,1,0,
654,ブラックホールイクリプス,Black Hole Eclipse,Physical,dark,0,1.0,1,0,0,0,0,0,1,1,0.0,0,0,0,0,0.0,0,1,0,
655,ブラックホールイクリプス,Black Hole Eclipse,Special,dark,0,1.0,1,0,0,0,0,0,1,1,0.0,0,0,0,0,0.0,0,1,0,
656,ラブリースターインパクト,Twinkle Tackle,Physical,fairy,0,1.0,1,0,0,0,0,0,1,1,0.0,0,0,0,0,0.0,0,1,0,
657,ラブリースターインパクト,Twinkle Tackle,Special,fairy,0,1.0,1,0,0,0,0,0,1,1,0.0,0,0,0,0,0.0,0,1,0,
659,すなあつめ,Shore Up,Status,ground,0,1.0,10,0,0,0,0,0,1,1,0.0,0,0,0,0,0.5,0,1,0,自分 HPが最大HPの半分回復する。ただし、天気が『すなあらし』の時は最大HPの2/3回復する。
661,トーチカ,Baneful Bunker,Status,poison,0,1.0,10,4,0,0,0,0,1,1,0.0,0,0,0,0,0.0,0,1,1,自分 必ず先制でき(優先度:+4)、そのターンの間、相手の攻撃を防ぐと同時に、直接攻撃をした相手を『どく』状態にする。連続で使うと失敗しやすくなる。ダイマックス技や第7世代のZワザの攻撃技は貫通し、1/4のダメージを受ける。
666,フラワーヒール,Floral Healing,Status,fairy,0,1.0,10,0,0,0,0,0,1,1,0.0,0,0,0,0,0.5,1,1,0,相手は最大HPの1/2回復する。ただし、『グラスフィールド』の時は最大HPの2/3回復する。(ダブルバトルで味方に使うと良い)
668,ちからをすいとる,Strength Sap,Status,grass,0,1.0,10,0,0,0,0,0,1,1,0.0,0,0,0,0,0.0,1,1,0,相手の『こうげき』の能力値と同じ値だけ自分のHPを回復し、相手の『こうげき』ランクを1段階下げる。特性などでランクが下がらない場合は、回復の効果のみ発動する。すでにランクが最低の場合は失敗する。
671,スポットライト,Spotlight,Status,normal,0,1.0,15,3,0,0,0,0,1,1,0.0,0,0,0,0,0.0,1,1,0,
672,どくのいと,Toxic Thread,Status,poison,0,1.0,20,0,0,0,0,0,1,1,0.0,0,0,0,0,0.0,1,1,0,相手を『どく』状態にし、さらに『すばやさ』ランクを1段階下げる。
673,とぎすます,Laser Focus,Status,normal,0,1.0,30,0,0,0,0,0,1,1,0.0,0,0,0,0,0.0,0,1,0,
674,アシストギア,Gear Up,Status,steel,0,1.0,20,0,0,0,0,0,1,1,0.0,0,0,0,0,0.0,0,1,0,
678,サイコフィールド,Psychic Terrain,Status,psychic,0,1.0,10,0,0,0,0,0,1,1,0.0,0,0,0,0,0.0,0,1,0,全体の場 5ターンの間、場の状態を『サイコフィールド』にする。『ひこう』タイプや特性『ふゆう』などではない地面にいるすべてのポケモンは、相手(味方は含まない)の先制技を受けなくなり、また『エスパー』タイプの技の威力が1.3倍になる(第7世代までは1.5倍)。道具『サイコシード』を持ったポケモンは『とくぼう』ランクが1段階上がる。
683,スピードスワップ,Speed Swap,Status,psychic,0,1.0,10,0,0,0,0,0,1,1,0.0,0,0,0,0,0.0,1,1,0,自分と相手の『すばやさ』を入れ替える。
685,じょうか,Purify,Status,poison,0,1.0,20,0,0,0,0,0,1,1,0.0,0,0,0,0,0.5,1,1,0,
689,さいはい,Instruct,Status,psychic,0,1.0,15,0,0,0,0,0,1,1,0.0,0,0,0,0,0.0,1,1,0,相手が最後に使用した技をその場でもう一度使わせる。『はかいこうせん』など反動のある技や、ターン技、ダイマックス技、『ダイマックスほう』など一部の技は失敗する。
694,オーロラベール,Aurora Veil,Status,ice,0,1.0,20,0,0,0,0,0,1,1,0.0,0,0,0,0,0.0,0,1,0,味方の場 天気が『ゆき』状態の時のみ使用でき、5ターンの間、自分と味方が受ける相手の物理攻撃と特殊攻撃のダメージを半分にする。味方が複数の場合は半分ではなく2/3になる。急所に当たった場合は軽減されない。交代しても効果は続く。
698,ガーディアン・デ・アローラ,Guardian of Alola,Special,fairy,0,1.0,1,0,0,0,0,0,1,1,0.0,0,0,0,0,0.0,0,1,0,
702,ナインエボルブースト,Extreme Evoboost,Status,normal,0,1.0,1,0,0,0,0,0,1,1,0.0,0,0,0,0,0.0,0,1,0,
715,なみだめ,Tearful Look,Status,normal,0,1.0,20,0,0,0,0,0,1,1,0.0,0,0,0,0,0.0,0,1,0,相手の『こうげき』『とくこう』ランクを1段階ずつ下げる。自分の命中率、相手の回避率に関係なく必ず命中する。相手の『まもる』『みきり』『トーチカ』『ニードルガード』『ブロッキング』『スレッドトラップ』『かえんのまもり』の効果を受けない(『ダイウォール』を除く)。
717,しぜんのいかり,Nature’s Madness,Special,fairy,0,0.9,10,0,0,0,0,0,1,1,0.0,0,0,0,0,0.0,1,1,0,
741,ブイブイブレイク,Veevee Volley,Physical,normal,0,1.0,20,0,0,0,1,0,1,1,0.0,0,0,0,0,0.0,1,1,0,
743,ダイウォール,Max Guard,Status,normal,0,1.0,10,4,0,0,0,0,1,1,0.0,0,0,0,0,0.0,0,1,1,
747,ほおばる,Stuff Cheeks,Status,normal,0,1.0,10,0,0,0,0,0,1,1,0.0,0,0,0,0,0.0,0,1,0,自分 自分が持っている『きのみ』を即座に使って効果を発動させ、さらに自分の『ぼうぎょ』ランクを2段階上げる。
748,はいすいのじん,No Retreat,Status,fighting,0,1.0,5,0,0,0,0,0,1,1,0.0,0,0,0,0,0.0,0,1,0,自分 自分のすべての『のうりょく』ランクが1段階ずつ上がるが、逃げたり交代できなくなる。2回目からは失敗する。なお、自分が『ゴースト』タイプの場合は逃げたり交代できる。
749,タールショット,Tar Shot,Status,rock,0,1.0,15,0,0,0,0,0,1,1,0.0,0,0,0,0,0.0,1,1,0,相手の『すばやさ』ランクを1段階下げる。また、相手の弱点に『ほのお』タイプを追加する。
750,まほうのこな,Magic Powder,Status,psychic,0,1.0,20,0,0,0,0,0,1,1,0.0,0,0,0,0,0.0,1,1,0,相手を『エスパー』タイプにする。『くさ』タイプや特性『ぼうじん』、道具『ぼうじんゴーグル』を持っているポケモンには無効。
752,おちゃかい,Teatime,Status,normal,0,1.0,10,0,0,0,0,0,1,1,0.0,0,0,0,0,0.0,0,1,0,全体 場にいるすべてのポケモンが、それぞれが持っている『きのみ』を即座に使って効果を発動させる。
753,たこがため,Octolock,Status,fighting,0,1.0,15,0,0,0,0,0,1,1,0.0,0,0,0,0,0.0,1,1,0,
756,コートチェンジ,Court Change,Status,normal,0,1.0,10,0,0,0,0,0,1,1,0.0,0,0,0,0,0.0,0,1,0,全体の場 お互いの場の状態『オーロラベール』『おいかぜ』『しろいきり』『しんぴのまもり』『ステルスロック』『どくびし』『ねばねばネット』『ひかりのかべ』『まきびし』『リフレクター』『キョダイベンタツ』『キョダイゴクエン』『キョダイホウゲキ』『キョダイフンセキ』『キョダイコウジン』を入れ替える。経過ターン数は引き継がれる。
775,ソウルビート,Clangorous Soul,Status,dragon,0,1.0,5,0,0,0,0,1,1,1,0.0,0,0,0,0,-0.33,0,0,0,自分 自分のHPを最大HPの1/3だけ減らし、自分のすべての『のうりょく』ランクを1段階ずつ上げる。音系の技。
777,デコレーション,Decorate,Status,fairy,0,1.0,15,0,0,0,0,0,1,1,0.0,0,0,0,0,0.0,0,1,0,相手の『こうげき』『とくこう』ランクを2段階ずつ上げる(主にダブルバトルで味方に使うと良い)。この技は『ダイウォール』の効果も受けない。
791,いのちのしずく,Life Dew,Status,water,0,1.0,10,0,0,0,0,0,1,1,0.0,0,0,0,0,0.25,0,1,0,味方全体 自分と味方全体のHPをそれぞれ最大HPの1/4ずつ回復する。特性『ちょすい』『よびみず』の味方は特性が発動するため、この技の効果は無効。この技は『ダイウォール』の効果も受けない。
792,ブロッキング,Obstruct,Status,dark,0,1.0,10,4,0,0,0,0,1,1,0.0,0,0,0,0,0.0,0,1,1,
810,ふしょくガス,Corrosive Gas,Status,poison,0,1.0,40,0,0,0,0,0,1,1,0.0,0,0,0,0,0.0,1,1,0,自分以外全体 道具を持っているポケモンは、道具を持っていない状態になる。
811,コーチング,Coaching,Status,fighting,0,1.0,10,0,0,0,0,0,1,1,0.0,0,0,0,0,0.0,0,1,0,味方全体 自分を除く味方全体の『こうげき』『ぼうぎょ』ランクが1段階ずつ上がる(ダブルバトル用)。この技は『ダイウォール』の効果も受けない。
816,ジャングルヒール,Jungle Healing,Status,grass,0,1.0,10,0,0,0,0,0,1,1,0.0,0,0,0,0,0.25,0,1,0,味方全体 自分と味方全体のHPが最大HPの1/4ずつ回復し、状態異常も回復する。