No,name,HP,atk,def,spa,spd,spe,type1,type2,ability1,ability2,hidden_ability
1,Bulbasaur,45,49,49,65,65,45,Grass,Poison,Overgrow,,Chlorophyll
2,Ivysaur,60,62,63,80,80,60,Grass,Poison,Overgrow,,Chlorophyll
3,Venusaur,80,82,83,100,100,80,Grass,Poison,Overgrow,,Chlorophyll
4,Charmander,39,52,43,60,50,65,Fire,,Blaze,,Solar Power
5,Charmeleon,58,64,58,80,65,80,Fire,,Blaze,,Solar Power
6,Charizard,78,84,78,109,85,100,Fire,Flying,Blaze,,Solar Power
7,Squirtle,44,48,65,50,64,43,Water,,Torrent,,Rain Dish
8,Wartortle,59,63,80,65,80,58,Water,,Torrent,,Rain Dish
9,Blastoise,79,83,100,85,105,78,Water,,Torrent,,Rain Dish
10,Caterpie,45,30,35,20,20,45,Bug,,Shield Dust,,Run Away
11,Metapod,50,20,55,25,25,30,Bug,,Shed Skin,,
12,Butterfree,60,45,50,90,80,70,Bug,Flying,Compound Eyes,,Tinted Lens
13,Weedle,40,35,30,20,20,50,Bug,Poison,Shield Dust,,Run Away
14,Kakuna,45,25,50,25,25,35,Bug,Poison,Shed Skin,,
15,Beedrill,65,90,40,45,80,75,Bug,Poison,Swarm,,Sniper
16,Pidgey,40,45,40,35,35,56,Normal,Flying,Keen Eye,Tangled Feet,Big Pecks
17,Pidgeotto,63,60,55,50,50,71,Normal,Flying,Keen Eye,Tangled Feet,Big Pecks
18,Pidgeot,83,80,75,70,70,101,Normal,Flying,Keen Eye,Tangled Feet,Big Pecks
19,Rattata,30,56,35,25,35,72,Normal,,Run Away,Guts,Hustle
20,Raticate,55,81,60,50,70,97,Normal,,Run Away,Guts,Hustle
21,Spearow,40,60,30,31,31,70,Normal,Flying,Keen Eye,,Sniper
22,Fearow,65,90,65,61,61,100,Normal,Flying,Keen Eye,,Sniper
23,Ekans,35,60,44,40,54,55,Poison,,Intimidate,Shed Skin,Unnerve
24,Arbok,60,95,69,65,79,80,Poison,,Intimidate,Shed Skin,Unnerve
25,Pikachu,35,55,40,50,50,90,Electric,,Static,,Lightning Rod
26,Raichu,60,90,55,90,80,110,Electric,,Static,,Lightning Rod
27,Sandshrew,50,75,85,20,30,40,Ground,,Sand Veil,,Sand Rush
28,Sandslash,75,100,110,45,55,65,Ground,,Sand Veil,,Sand Rush
29,Nidoran♀,55,47,52,40,40,41,Poison,,Poison Point,Rivalry,Hustle
30,Nidorina,70,62,67,55,55,56,Poison,,Poison Point,Rivalry,Hustle
31,Nidoqueen,90,92,87,75,85,76,Poison,Ground,Poison Point,Rivalry,Sheer Force
32,Nidoran♂,46,57,40,40,40,50,Poison,,Poison Point,Rivalry,Hustle
33,Nidorino,61,72,57,55,55,65,Poison,,Poison Point,Rivalry,Hustle
34,Nidoking,81,102,77,85,75,85,Poison,Ground,Poison Point,Rivalry,Sheer Force
35,Clefairy,70,45,48,60,65,35,Fairy,,Cute Charm,Magic Guard,Friend Guard
36,Clefable,95,70,73,95,90,60,Fairy,,Cute Charm,Magic Guard,Unaware
37,Vulpix,38,41,40,50,65,65,Fire,,Flash Fire,,Drought
38,Ninetales,73,76,75,81,100,100,Fire,,Flash Fire,,Drought
39,Jigglypuff,115,45,20,45,25,20,Normal,Fairy,Cute Charm,Competitive,Friend Guard
40,Wigglytuff,140,70,45,85,50,45,Normal,Fairy,Cute Charm,Competitive,Frisk
41,Zubat,40,45,35,30,40,55,Poison,Flying,Inner Focus,,Infiltrator
42,Golbat,75,80,70,65,75,90,Poison,Flying,Inner Focus,,Infiltrator
43,Oddish,45,50,55,75,65,30,Grass,Poison,Chlorophyll,,Run Away
44,Gloom,60,65,70,85,75,40,Grass,Poison,Chlorophyll,,Stench
45,Vileplume,75,80,85,110,90,50,Grass,Poison,Chlorophyll,,
46,Paras,35,70,55,45,55,25,Bug,Grass,Effect Spore,Dry Skin,Damp
47,Parasect,60,95,80,60,80,30,Bug,Grass,Effect Spore,Dry Skin,Damp
48,Venonat,60,55,50,40,55,45,Bug,Poison,Compound Eyes,Tinted Lens,Run Away
49,Venomoth,70,65,60,90,75,90,Bug,Poison,Shield Dust,Tinted Lens,Wonder Skin
50,Diglett,10,55,25,35,45,95,Ground,,Sand Veil,Arena Trap,Sand Force
51,Dugtrio,35,100,50,50,70,120,Ground,,Sand Veil,Arena Trap,Sand Force
52,Meowth,40,45,35,40,40,90,Normal,,Pickup,Technician,Unnerve
53,Persian,65,70,60,65,65,115,Normal,,Limber,Technician,Unnerve
54,Psyduck,50,52,48,65,50,55,Water,,Damp,Cloud Nine,Swift Swim
55,Golduck,80,82,78,95,80,85,Water,,Damp,Cloud Nine,Swift Swim
56,Mankey,40,80,35,35,45,70,Fighting,,Vital Spirit,Anger Point,Defiant
57,Primeape,65,105,60,60,70,95,Fighting,,Vital Spirit,Anger Point,Defiant
58,Growlithe,55,70,45,70,50,60,Fire,,Intimidate,Flash Fire,Justified
59,Arcanine,90,110,80,100,80,95,Fire,,Intimidate,Flash Fire,Justified
60,Poliwag,40,50,40,40,40,90,Water,,Water Absorb,Damp,Swift Swim
61,Poliwhirl,65,65,65,50,50,90,Water,,Water Absorb,Damp,Swift Swim
62,Poliwrath,90,95,95,70,90,70,Water,Fighting,Water Absorb,Damp,Swift Swim
63,Abra,25,20,15,105,55,90,Psychic,,Synchronize,Inner Focus,Magic Guard
64,Kadabra,40,35,30,120,70,105,Psychic,,Synchronize,Inner Focus,Magic Guard
65,Alakazam,55,50,45,135,95,120,Psychic,,Synchronize,Inner Focus,Magic Guard
66,Machop,70,80,50,35,35,35,Fighting,,Guts,No Guard,Steadfast
67,Machoke,80,100,70,50,60,45,Fighting,,Guts,No Guard,Steadfast
68,Machamp,90,130,80,65,85,55,Fighting,,Guts,No Guard,Steadfast
69,Bellsprout,50,75,35,70,30,40,Grass,Poison,Chlorophyll,,Gluttony
70,Weepinbell,65,90,50,85,45,55,Grass,Poison,Chlorophyll,,Gluttony
71,Victreebel,80,105,65,100,70,70,Grass,Poison,Chlorophyll,,Gluttony
72,Tentacool,40,40,35,50,100,70,Water,Poison,Clear Body,Liquid Ooze,Rain Dish
73,Tentacruel,80,70,65,80,120,100,Water,Poison,Clear Body,Liquid Ooze,Rain Dish
74,Geodude,40,80,100,30,30,20,Rock,Ground,Rock Head,Sturdy,Sand Veil
75,Graveler,55,95,115,45,45,35,Rock,Ground,Rock Head,Sturdy,Sand Veil
76,Golem,80,120,130,55,65,45,Rock,Ground,Rock Head,Sturdy,Sand Veil
77,Ponyta,50,85,55,65,65,90,Fire,,Run Away,Flash Fire,Flame Body
78,Rapidash,65,100,70,80,80,105,Fire,,Run Away,Flash Fire,Flame Body
79,Slowpoke,90,65,65,40,40,15,Water,Psychic,Oblivious,Own Tempo,Regenerator
80,Slowbro,95,75,110,100,80,30,Water,Psychic,Oblivious,Own Tempo,Regenerator
81,Magnemite,25,35,70,95,55,45,Electric,Steel,Magnet Pull,Sturdy,Analytic
82,Magneton,50,60,95,120,70,70,Electric,Steel,Magnet Pull,Sturdy,Analytic
83,Farfetch’d,52,90,55,58,62,60,Normal,Flying,Inner Focus,,Defiant
84,Doduo,35,85,45,35,35,75,Normal,Flying,Run Away,Early Bird,Tangled Feet
85,Dodrio,60,110,70,60,60,110,Normal,Flying,Run Away,Early Bird,Tangled Feet
86,Seel,65,45,55,45,70,45,Water,,Thick Fat,Hydration,Ice Body
87,Dewgong,90,70,80,70,95,70,Water,Ice,Thick Fat,Hydration,Ice Body
88,Grimer,80,80,50,40,50,25,Poison,,Stench,Sticky Hold,Poison Touch
89,Muk,105,105,75,65,100,50,Poison,,Stench,Sticky Hold,Poison Touch
90,Shellder,30,65,100,45,25,40,Water,,Shell Armor,Skill Link,Overcoat
91,Cloyster,50,95,180,85,45,70,Water,Ice,Shell Armor,Skill Link,Overcoat
92,Gastly,30,35,30,100,35,80,Ghost,Poison,Levitate,,
93,Haunter,45,50,45,115,55,95,Ghost,Poison,Levitate,,
94,Gengar,60,65,60,130,75,110,Ghost,Poison,Cursed Body,,
95,Onix,35,45,160,30,45,70,Rock,Ground,Rock Head,Sturdy,Weak Armor
96,Drowzee,60,48,45,43,90,42,Psychic,,Insomnia,Forewarn,Inner Focus
97,Hypno,85,73,70,73,115,67,Psychic,,Insomnia,Forewarn,Inner Focus
98,Krabby,30,105,90,25,25,50,Water,,Hyper Cutter,Shell Armor,Sheer Force
99,Kingler,55,130,115,50,50,75,Water,,Hyper Cutter,Shell Armor,Sheer Force
100,Voltorb,40,30,50,55,55,100,Electric,,Soundproof,Static,Aftermath
101,Electrode,60,50,70,80,80,150,Electric,,Soundproof,Static,Aftermath
102,Exeggcute,60,40,80,60,45,40,Grass,Psychic,Chlorophyll,,Harvest
103,Exeggutor,95,95,85,125,75,55,Grass,Psychic,Chlorophyll,,Harvest
104,Cubone,50,50,95,40,50,35,Ground,,Rock Head,Lightning Rod,Battle Armor
105,Marowak,60,80,110,50,80,45,Ground,,Rock Head,Lightning Rod,Battle Armor
106,Hitmonlee,50,120,53,35,110,87,Fighting,,Limber,Reckless,Unburden
107,Hitmonchan,50,105,79,35,110,76,Fighting,,Keen Eye,Iron Fist,Inner Focus
108,Lickitung,90,55,75,60,75,30,Normal,,Own Tempo,Oblivious,Cloud Nine
109,Koffing,40,65,95,60,45,35,Poison,,Levitate,,Neutralizing Gas
110,Weezing,65,90,120,85,70,60,Poison,,Levitate,,Neutralizing Gas
111,Rhyhorn,80,85,95,30,30,25,Ground,Rock,Lightning Rod,Rock Head,Reckless
112,Rhydon,105,130,120,45,45,40,Ground,Rock,Lightning Rod,Rock Head,Reckless
113,Chansey,250,5,5,35,105,50,Normal,,Natural Cure,Serene Grace,Healer
114,Tangela,65,55,115,100,40,60,Grass,,Chlorophyll,,Regenerator
115,Kangaskhan,105,95,80,40,80,90,Normal,,Early Bird,,
116,Horsea,30,40,70,70,25,60,Water,,Swift Swim,,Damp
117,Seadra,55,65,95,95,45,85,Water,,Poison Point,Sniper,Damp
118,Goldeen,45,67,60,35,50,63,Water,,Swift Swim,Water Veil,Lightning Rod
119,Seaking,80,92,65,65,80,68,Water,,Swift Swim,Water Veil,Lightning Rod
120,Staryu,30,45,55,70,55,85,Water,,Illuminate,Natural Cure,Analytic
121,Starmie,60,75,85,100,85,115,Water,Psychic,Illuminate,Natural Cure,Analytic
122,Mr. Mime,40,45,65,100,120,90,Psychic,Fairy,Soundproof,Filter,Technician
123,Scyther,70,110,80,55,80,105,Bug,Flying,Swarm,Technician,Steadfast
124,Jynx,65,50,35,115,95,95,Ice,Psychic,Oblivious,Forewarn,Dry Skin
125,Electabuzz,65,83,57,95,85,105,Electric,,Static,,Vital Spirit
126,Magmar,65,95,57,100,85,93,Fire,,Flame Body,,Vital Spirit
127,Pinsir,65,125,100,55,70,85,Bug,,Hyper Cutter,Mold Breaker,Moxie
128,Tauros,75,100,95,40,70,110,Normal,,Intimidate,Anger Point,Sheer Force
129,Magikarp,20,10,55,15,20,80,Water,,Swift Swim,,Rattled
130,Gyarados,95,125,79,60,100,81,Water,Flying,Intimidate,,Moxie
131,Lapras,130,85,80,85,95,60,Water,Ice,Water Absorb,Shell Armor,Hydration
132,Ditto,48,48,48,48,48,48,Normal,,Limber,,Imposter
133,Eevee,55,55,50,45,65,55,Normal,,Run Away,Adaptability,Anticipation
134,Vaporeon,130,65,60,110,95,65,Water,,Water Absorb,,Hydration
135,Jolteon,65,65,60,110,95,130,Electric,,Volt Absorb,,Quick Feet
136,Flareon,65,130,60,95,110,65,Fire,,Flash Fire,,Guts
137,Porygon,65,60,70,85,75,40,Normal,,Trace,Download,Analytic
138,Omanyte,35,40,100,90,55,35,Rock,Water,Swift Swim,Shell Armor,Weak Armor
139,Omastar,70,60,125,115,70,55,Rock,Water,Swift Swim,Shell Armor,Weak Armor
140,Kabuto,30,80,90,55,45,55,Rock,Water,Swift Swim,Battle Armor,Weak Armor
141,Kabutops,60,115,105,65,70,80,Rock,Water,Swift Swim,Battle Armor,Weak Armor
142,Aerodactyl,80,105,65,60,75,130,Rock,Flying,Rock Head,Pressure,Unnerve
143,Snorlax,160,110,65,65,110,30,Normal,,Immunity,Thick Fat,Gluttony
144,Articuno,90,85,100,95,125,85,Ice,Flying,Pressure,,Snow Cloak
145,Zapdos,90,90,85,125,90,100,Electric,Flying,Pressure,,Static
146,Moltres,90,100,90,125,85,90,Fire,Flying,Pressure,,Flame Body
147,Dratini,41,64,45,50,50,50,Dragon,,Shed Skin,,Marvel Scale
148,Dragonair,61,84,65,70,70,70,Dragon,,Shed Skin,,Marvel Scale
149,Dragonite,91,134,95,100,100,80,Dragon,Flying,Inner Focus,,Multiscale
150,Mewtwo,106,110,90,154,90,130,Psychic,,Pressure,,Unnerve
151,Mew,100,100,100,100,100,100,Psychic,,Synchronize,,
152,Chikorita,45,49,65,49,65,45,Grass,,Overgrow,,Leaf Guard
153,Bayleef,60,62,80,63,80,60,Grass,,Overgrow,,Leaf Guard
154,Meganium,80,82,100,83,100,80,Grass,,Overgrow,,Leaf Guard
155,Cyndaquil,39,52,43,60,50,65,Fire,,Blaze,,Flash Fire
156,Quilava,58,64,58,80,65,80,Fire,,Blaze,,Flash Fire
157,Typhlosion,78,84,78,109,85,100,Fire,,Blaze,,Flash Fire
158,Totodile,50,65,64,44,48,43,Water,,Torrent,,Sheer Force
159,Croconaw,65,80,80,59,63,58,Water,,Torrent,,Sheer Force
160,Feraligatr,85,105,100,79,83,78,Water,,Torrent,,Sheer Force
161,Sentret,35,46,34,35,45,20,Normal,,Run Away,Keen Eye,Frisk
162,Furret,85,76,64,45,55,90,Normal,,Run Away,Keen Eye,Frisk
163,Hoothoot,60,30,30,36,56,50,Normal,Flying,Insomnia,Keen Eye,Tinted Lens
164,Noctowl,100,50,50,86,96,70,Normal,Flying,Insomnia,Keen Eye,Tinted Lens
165,Ledyba,40,20,30,40,80,55,Bug,Flying,Swarm,Early Bird,Rattled
166,Ledian,55,35,50,55,110,85,Bug,Flying,Swarm,Early Bird,Iron Fist
167,Spinarak,40,60,40,40,40,30,Bug,Poison,Swarm,Insomnia,Sniper
168,Ariados,70,90,70,60,70,40,Bug,Poison,Swarm,Insomnia,Sniper
169,Crobat,85,90,80,70,80,130,Poison,Flying,Inner Focus,,Infiltrator
170,Chinchou,75,38,38,56,56,67,Water,Electric,Volt Absorb,Illuminate,Water Absorb
171,Lanturn,125,58,58,76,76,67,Water,Electric,Volt Absorb,Illuminate,Water Absorb
172,Pichu,20,40,15,35,35,60,Electric,,Static,,Lightning Rod
173,Cleffa,50,25,28,45,55,15,Fairy,,Cute Charm,Magic Guard,Friend Guard
174,Igglybuff,90,30,15,40,20,15,Normal,Fairy,Cute Charm,Competitive,Friend Guard
175,Togepi,35,20,65,40,65,20,Fairy,,Hustle,Serene Grace,Super Luck
176,Togetic,55,40,85,80,105,40,Fairy,Flying,Hustle,Serene Grace,Super Luck
177,Natu,40,50,45,70,45,70,Psychic,Flying,Synchronize,Early Bird,Magic Bounce
178,Xatu,65,75,70,95,70,95,Psychic,Flying,Synchronize,Early Bird,Magic Bounce
179,Mareep,55,40,40,65,45,35,Electric,,Static,,Plus
180,Flaaffy,70,55,55,80,60,45,Electric,,Static,,Plus
181,Ampharos,90,75,85,115,90,55,Electric,,Static,,Plus
182,Bellossom,75,80,95,90,100,50,Grass,,Chlorophyll,,Healer
183,Marill,70,20,50,20,50,40,Water,Fairy,Thick Fat,Huge Power,Sap Sipper
184,Azumarill,100,50,80,60,80,50,Water,Fairy,Thick Fat,Huge Power,Sap Sipper
185,Sudowoodo,70,100,115,30,65,30,Rock,,Sturdy,Rock Head,Rattled
186,Politoed,90,75,75,90,100,70,Water,,Water Absorb,Damp,Drizzle
187,Hoppip,35,35,40,35,55,50,Grass,Flying,Chlorophyll,Leaf Guard,Infiltrator
188,Skiploom,55,45,50,45,65,80,Grass,Flying,Chlorophyll,Leaf Guard,Infiltrator
189,Jumpluff,75,55,70,55,95,110,Grass,Flying,Chlorophyll,Leaf Guard,Infiltrator
190,Aipom,55,70,55,40,55,85,Normal,,Run Away,Pickup,Skill Link
191,Sunkern,30,30,30,30,30,30,Grass,,Chlorophyll,,
192,Sunflora,75,75,55,105,85,30,Grass,,Chlorophyll,,Solar Power
193,Yanma,65,65,45,75,45,95,Bug,Flying,Speed Boost,Compound Eyes,Frisk
194,Wooper,55,45,45,25,25,15,Water,Ground,Damp,Water Absorb,Unaware
195,Quagsire,95,85,85,65,65,35,Water,Ground,Damp,Water Absorb,Unaware
196,Espeon,65,65,60,130,95,110,Psychic,,Synchronize,,Magic Bounce
197,Umbreon,95,65,110,60,130,65,Dark,,Synchronize,,Inner Focus
198,Murkrow,60,85,42,85,42,91,Dark,Flying,Insomnia,Super Luck,Prankster
199,Slowking,95,75,80,100,110,30,Water,Psychic,Oblivious,Own Tempo,Regenerator
200,Misdreavus,60,60,60,85,85,85,Ghost,,Levitate,,
201,Unown,48,72,48,72,48,48,Psychic,,Levitate,,
202,Wobbuffet,190,33,58,33,58,33,Psychic,,Shadow Tag,,Telepathy
203,Girafarig,70,80,65,90,65,85,Normal,Psychic,Inner Focus,Early Bird,Sap Sipper
204,Pineco,50,65,90,35,35,15,Bug,,Sturdy,,Overcoat
205,Forretress,75,90,140,60,60,40,Bug,Steel,Sturdy,,Overcoat
206,Dunsparce,100,70,70,65,65,45,Normal,,Serene Grace,Run Away,Rattled
207,Gligar,65,75,105,35,65,85,Ground,Flying,Hyper Cutter,Sand Veil,Immunity
208,Steelix,75,85,200,55,65,30,Steel,Ground,Rock Head,Sturdy,Sheer Force
209,Snubbull,60,80,50,40,40,30,Fairy,,Intimidate,Run Away,Rattled
210,Granbull,90,120,75,60,60,45,Fairy,,Intimidate,Quick Feet,Rattled
211,Qwilfish,65,95,85,55,55,85,Water,Poison,Poison Point,Swift Swim,Intimidate
212,Scizor,70,130,100,55,80,65,Bug,Steel,Swarm,Technician,Light Metal
213,Shuckle,20,10,230,10,230,5,Bug,Rock,Sturdy,Gluttony,Contrary
214,Heracross,80,125,75,40,95,85,Bug,Fighting,Swarm,Guts,Moxie
215,Sneasel,55,95,55,35,75,115,Dark,Ice,Inner Focus,Keen Eye,Pickpocket
216,Teddiursa,60,80,50,50,50,40,Normal,,Pickup,Quick Feet,Honey Gather
217,Ursaring,90,130,75,75,75,55,Normal,,Guts,Quick Feet,Unnerve
218,Slugma,40,40,40,70,40,20,Fire,,Magma Armor,Flame Body,Weak Armor
219,Magcargo,50,50,120,80,80,30,Fire,Rock,Magma Armor,Flame Body,Weak Armor
220,Swinub,50,50,40,30,30,50,Ice,Ground,Oblivious, Snow Cloak,Thick Fat
221,Piloswine,100,100,80,60,60,50,Ice,Ground,Oblivious, Snow Cloak,Thick Fat
222,Corsola,65,55,95,65,95,35,Water,Rock,Hustle,Natural Cure,Regenerator
223,Remoraid,35,65,35,65,35,65,Water,,Hustle,,Moody
224,Octillery,75,105,75,105,75,45,Water,,Suction Cups,Sniper,Moody
225,Delibird,45,55,45,65,45,75,Ice,Flying,Vital Spirit,Hustle,Insomnia
226,Mantine,85,40,70,80,140,70,Water,Flying,Swift Swim,Water Absorb,Water Veil
227,Skarmory,65,80,140,40,70,70,Steel,Flying,Keen Eye,Sturdy,Weak Armor
228,Houndour,45,60,30,80,50,65,Dark,Fire,Early Bird,Flash Fire,Unnerve
229,Houndoom,75,90,50,110,80,95,Dark,Fire,Early Bird,Flash Fire,Unnerve
230,Kingdra,75,95,95,95,95,85,Water,Dragon,Swift Swim,Sniper,Damp
231,Phanpy,90,60,60,40,40,40,Ground,,Pickup,,Sand Veil
232,Donphan,90,120,120,60,60,50,Ground,,Sturdy,,Sand Veil
233,Porygon2,85,80,90,105,95,60,Normal,,Trace,Download,Analytic
234,Stantler,73,95,62,85,65,85,Normal,,Intimidate,Frisk,Sap Sipper
235,Smeargle,55,20,35,20,45,75,Normal,,Own Tempo,Technician,Moody
236,Tyrogue,35,35,35,35,35,35,Fighting,,Guts,Steadfast,Vital Spirit
237,Hitmontop,50,95,95,35,110,70,Fighting,,Intimidate,Technician,Steadfast
238,Smoochum,45,30,15,85,65,65,Ice,Psychic,Oblivious,Forewarn,Hydration
239,Elekid,45,63,37,65,55,95,Electric,,Static,,Vital Spirit
240,Magby,45,75,37,70,55,83,Fire,,Flame Body,,Vital Spirit
241,Miltank,95,80,105,40,70,100,Normal,,Thick Fat,Scrappy,Sap Sipper
242,Blissey,255,10,10,75,135,55,Normal,,Natural Cure,Serene Grace,Healer
243,Raikou,90,85,75,115,100,115,Electric,,Pressure,,Inner Focus
244,Entei,115,115,85,90,75,100,Fire,,Pressure,,Inner Focus
245,Suicune,100,75,115,90,115,85,Water,,Pressure,,Inner Focus
246,Larvitar,50,64,50,45,50,41,Rock,Ground,Guts,,Sand Veil
247,Pupitar,70,84,70,65,70,51,Rock,Ground,Shed Skin,,
248,Tyranitar,100,134,110,95,100,61,Rock,Dark,Sand Stream,,Unnerve
249,Lugia,106,90,130,90,154,110,Psychic,Flying,Pressure,,Multiscale
250,Ho-Oh,106,130,90,110,154,90,Fire,Flying,Pressure,,Regenerator
251,Celebi,100,100,100,100,100,100,Psychic,Grass,Natural Cure,,
252,Treecko,40,45,35,65,55,70,Grass,,Overgrow,,Unburden
253,Grovyle,50,65,45,85,65,95,Grass,,Overgrow,,Unburden
254,Sceptile,70,85,65,105,85,120,Grass,,Overgrow,,Unburden
255,Torchic,45,60,40,70,50,45,Fire,,Blaze,,Speed Boost
256,Combusken,60,85,60,85,60,55,Fire,Fighting,Blaze,,Speed Boost
257,Blaziken,80,120,70,110,70,80,Fire,Fighting,Blaze,,Speed Boost
258,Mudkip,50,70,50,50,50,40,Water,,Torrent,,Damp
259,Marshtomp,70,85,70,60,70,50,Water,Ground,Torrent,,Damp
260,Swampert,100,110,90,85,90,60,Water,Ground,Torrent,,Damp
261,Poochyena,35,55,35,30,30,35,Dark,,Run Away,Quick Feet,Rattled
262,Mightyena,70,90,70,60,60,70,Dark,,Intimidate,Quick Feet,Moxie
263,Zigzagoon,38,30,41,30,41,60,Normal,,Pickup,Gluttony,Quick Feet
264,Linoone,78,70,61,50,61,100,Normal,,Pickup,Gluttony,Quick Feet
265,Wurmple,45,45,35,20,30,20,Bug,,Shield Dust,Run Away,
266,Silcoon,50,35,55,25,25,15,Bug,,Shed Skin,,
267,Beautifly,60,70,50,100,50,65,Bug,Flying,Swarm,,Rivalry
268,Cascoon,50,35,55,25,25,15,Bug,,Shed Skin,,
269,Dustox,60,50,70,50,90,65,Bug,Poison,Shield Dust,,Compound Eyes
270,Lotad,40,30,30,40,50,30,Water,Grass,Suction Cups,Rain Dish,Own Tempo
271,Lombre,60,50,50,60,70,50,Water,Grass,Torrent,Rain Dish,Own Tempo
272,Ludicolo,80,70,70,90,100,70,Water,Grass,Suction Cups,Rain Dish,Own Tempo
273,Seedot,40,40,50,30,30,30,Grass,,Chlorophyll,Early Bird,Pickpocket
274,Nuzleaf,70,70,40,60,40,60,Grass,Dark,Chlorophyll,Early Bird,Pickpocket
275,Shiftry,90,100,60,90,60,80,Grass,Dark,Chlorophyll,Wind Power,Pickpocket
276,Taillow,40,55,30,30,30,85,Normal,Flying,Guts,,Scrappy
277,Swellow,60,85,60,50,50,125,Normal,Flying,Guts,,Scrappy
278,Wingull,40,30,30,55,30,85,Water,Flying,Keen Eye,Hydration,Rain Dish
279,Pelipper,60,50,100,95,70,65,Water,Flying,Keen Eye,Drizzle,Rain Dish
280,Ralts,28,25,25,45,35,40,Psychic,Fairy,Synchronize,Trace,Telepathy
281,Kirlia,38,35,35,65,55,50,Psychic,Fairy,Synchronize,Trace,Telepathy
282,Gardevoir,68,65,65,125,115,80,Psychic,Fairy,Synchronize,Trace,Telepathy
283,Surskit,40,30,32,50,52,65,Bug,Water,Swift Swim,,Rain Dish
284,Masquerain,70,60,62,80,82,60,Bug,Flying,Intimidate,,Unnerve
285,Shroomish,60,40,60,40,60,35,Grass,,Effect Spore,Poison Heal,Quick Feet
286,Breloom,60,130,80,60,60,70,Grass,Fighting,Effect Spore,Poison Heal,Technician
287,Slakoth,60,60,60,35,35,30,Normal,,Truant,,
288,Vigoroth,80,80,80,55,55,90,Normal,,Vital Spirit,,
289,Slaking,150,160,100,95,65,100,Normal,,Truant,,
290,Nincada,31,45,90,30,30,40,Bug,Ground,Compound Eyes,,Run Away
291,Ninjask,61,90,45,50,50,160,Bug,Flying,Speed Boost,,Infiltrator
292,Shedinja,1,90,45,30,30,40,Bug,Ghost,Wonder Guard,,
293,Whismur,64,51,23,51,23,28,Normal,,Soundproof,,Rattled
294,Loudred,84,71,43,71,43,48,Normal,,Soundproof,,Scrappy
295,Exploud,104,91,63,91,73,68,Normal,,Soundproof,,Scrappy
296,Makuhita,72,60,30,20,30,25,Fighting,,Thick Fat,Guts,Sheer Force
297,Hariyama,144,120,60,40,60,50,Fighting,,Thick Fat,Guts,Sheer Force
298,Azurill,50,20,40,20,40,20,Normal,Fairy,Thick Fat, Huge Power,Sap Sipper
299,Nosepass,30,45,135,45,90,30,Rock,,Sturdy,Magnet Pull,Sand Force
300,Skitty,50,45,45,35,35,50,Normal,,Cute Charm,Normalize,Wonder Skin
301,Delcatty,70,65,65,55,55,90,Normal,,Cute Charm,Normalize,Wonder Skin
302,Sableye,50,75,75,65,65,50,Dark,Ghost,Keen Eye,Stall,Prankster
303,Mawile,50,85,85,55,55,50,Steel,Fairy,Hyper Cutter,Intimidate,Sheer Force
304,Aron,50,70,100,40,40,30,Steel,Rock,Sturdy,Rock Head,Heavy Metal
305,Lairon,60,90,140,50,50,40,Steel,Rock,Sturdy,Rock Head,Heavy Metal
306,Aggron,70,110,180,60,60,50,Steel,Rock,Sturdy,Rock Head,Heavy Metal
307,Meditite,30,40,55,40,55,60,Fighting,Psychic,Pure Power,,Telepathy
308,Medicham,60,60,75,60,75,80,Fighting,Psychic,Pure Power,,Telepathy
309,Electrike,40,45,40,65,40,65,Electric,,Lightning Rod,Static,Minus
310,Manectric,70,75,60,105,60,105,Electric,,Lightning Rod,Static,Minus
311,Plusle,60,50,40,85,75,95,Electric,,Plus,,Lightning Rod
312,Minun,60,40,50,75,85,95,Electric,,Minus,,Volt Absorb
313,Volbeat,65,73,75,47,85,85,Bug,,Illuminate,Swarm,Prankster
314,Illumise,65,47,75,73,85,85,Bug,,Oblivious,Tinted Lens,Prankster
315,Roselia,50,60,45,100,80,65,Grass,Poison,Natural Cure,Poison Point,Leaf Guard
316,Gulpin,70,43,53,43,53,40,Poison,,Liquid Ooze,Sticky Hold,Gluttony
317,Swalot,100,73,83,73,83,55,Poison,,Liquid Ooze,Sticky Hold,Gluttony
318,Carvanha,45,90,20,65,20,65,Water,Dark,Rough Skin,,Speed Boost
319,Sharpedo,70,120,40,95,40,95,Water,Dark,Rough Skin,,Speed Boost
320,Wailmer,130,70,35,70,35,60,Water,,Water Veil,Oblivious,Pressure
321,Wailord,170,90,45,90,45,60,Water,,Water Veil,Oblivious,Pressure
322,Numel,60,60,40,65,45,35,Fire,Ground,Oblivious,Simple,Own Tempo
323,Camerupt,70,100,70,105,75,40,Fire,Ground,Magma Armor,Solid Rock,Anger Point
324,Torkoal,70,85,140,85,70,20,Fire,,White Smoke,Drought,Shell Armor
325,Spoink,60,25,35,70,80,60,Psychic,,Thick Fat,Own Tempo,Gluttony
326,Grumpig,80,45,65,90,110,80,Psychic,,Thick Fat,Own Tempo,Gluttony
327,Spinda,60,60,60,60,60,60,Normal,,Own Tempo,Tangled Feet,Contrary
328,Trapinch,45,100,45,45,45,10,Ground,,Hyper Cutter,Arena Trap,Sheer Force
329,Vibrava,50,70,50,50,50,70,Ground,Dragon,Levitate,,
330,Flygon,80,100,80,80,80,100,Ground,Dragon,Levitate,,
331,Cacnea,50,85,40,85,40,35,Grass,,Sand Veil,,Water Absorb
332,Cacturne,70,115,60,115,60,55,Grass,Dark,Sand Veil,,Water Absorb
333,Swablu,45,40,60,40,75,50,Normal,Flying,Natural Cure,,Cloud Nine
334,Altaria,75,70,90,70,105,80,Dragon,Flying,Natural Cure,,Cloud Nine
335,Zangoose,73,115,60,60,60,90,Normal,,Immunity,,Toxic Boost
336,Seviper,73,100,60,100,60,65,Poison,,Shed Skin,,Infiltrator
337,Lunatone,90,55,65,95,85,70,Rock,Psychic,Levitate,,
338,Solrock,90,95,85,55,65,70,Rock,Psychic,Levitate,,
339,Barboach,50,48,43,46,41,60,Water,Ground,Oblivious,Anticipation,Hydration
340,Whiscash,110,78,73,76,71,60,Water,Ground,Oblivious,Anticipation,Hydration
341,Corphish,43,80,65,50,35,35,Water,,Hyper Cutter,Shed Skin,Adaptability
342,Crawdaunt,63,120,85,90,55,55,Water,Dark,Hyper Cutter,Shell Armor,Adaptability
343,Baltoy,40,40,55,40,70,55,Ground,Psychic,Levitate,,
344,Claydol,60,70,105,70,120,75,Ground,Psychic,Levitate,,
345,Lileep,66,41,77,61,87,23,Rock,Grass,Suction Cups,,Storm Drain
346,Cradily,86,81,97,81,107,43,Rock,Grass,Suction Cups,,Storm Drain
347,Anorith,45,95,50,40,50,75,Rock,Bug,Battle Armor,,Swift Swim
348,Armaldo,75,125,100,70,80,45,Rock,Bug,Battle Armor,,Swift Swim
349,Feebas,20,15,20,10,55,80,Water,,Swift Swim,Oblivious,Adaptability
350,Milotic,95,60,79,100,125,81,Water,,Marvel Scale,Competitive,Cute Charm
351,Castform,70,70,70,70,70,70,Normal,,Forecast,,
352,Kecleon,60,90,70,60,120,40,Normal,,Color Change,,Protean
353,Shuppet,44,75,35,63,33,45,Ghost,,Insomnia,Frisk,Cursed Body
354,Banette,64,115,65,83,63,65,Ghost,,Insomnia,Frisk,Cursed Body
355,Duskull,20,40,90,30,90,25,Ghost,,Levitate,,Frisk
356,Dusclops,40,70,130,60,130,25,Ghost,,Pressure,,Frisk
357,Tropius,99,68,83,72,87,51,Grass,Flying,Chlorophyll, Solar Power,Harvest
358,Chimecho,75,50,80,95,90,65,Psychic,,Levitate,,
359,Absol,65,130,60,75,60,75,Dark,,Pressure,Super Luck,Justified
360,Wynaut,95,23,48,23,48,23,Psychic,,Shadow Tag,,Telepathy
361,Snorunt,50,50,50,50,50,50,Ice,,Inner Focus,Ice Body,Moody
362,Glalie,80,80,80,80,80,80,Ice,,Inner Focus,Ice Body,Moody
363,Spheal,70,40,50,55,50,25,Ice,Water,Thick Fat,Ice Body,Oblivious
364,Sealeo,90,60,70,75,70,45,Ice,Water,Thick Fat,Ice Body,Oblivious
365,Walrein,110,80,90,95,90,65,Ice,Water,Thick Fat,Ice Body,Oblivious
366,Clamperl,35,64,85,74,55,32,Water,,Shell Armor,,Rattled
367,Huntail,55,104,105,94,75,52,Water,,Swift Swim,,Water Veil
368,Gorebyss,55,84,105,114,75,52,Water,,Swift Swim,,Hydration
369,Relicanth,100,90,130,45,65,55,Water,Rock,Swift Swim,Rock Head,Sturdy
370,Luvdisc,43,30,55,40,65,97,Water,,Swift Swim,,
371,Bagon,45,75,60,40,30,50,Dragon,,Rock Head,,
372,Shelgon,65,95,100,60,50,50,Dragon,,Rock Head,Overcoat
373,Salamence,95,135,80,110,80,100,Dragon,Flying,Intimidate,,Moxie
374,Beldum,40,55,80,35,60,30,Steel,Psychic,Clear Body,,Light Metal
375,Metang,60,75,100,55,80,50,Steel,Psychic,Clear Body,,Light Metal
376,Metagross,80,135,130,95,90,70,Steel,Psychic,Clear Body,,Light Metal
377,Regirock,80,100,200,50,100,50,Rock,,Clear Body,,Sturdy
378,Regice,80,50,100,100,200,50,Ice,,Clear Body,,Ice Body
379,Registeel,80,75,150,75,150,50,Steel,,Clear Body,,Light Metal
380,Latias,80,80,90,110,130,110,Dragon,Psychic,Levitate,,
381,Latios,80,90,80,130,110,110,Dragon,Psychic,Levitate,,
382,Kyogre,100,100,90,150,140,90,Water,,Drizzle,,
383,Groudon,100,150,140,100,90,90,Ground,,Drought,,
384,Rayquaza,105,150,90,150,90,95,Dragon,Flying,Air Lock,,
385,Jirachi,100,100,100,100,100,100,Steel,Psychic,Serene Grace,,
386,Deoxys,50,150,50,150,50,150,Psychic,,Pressure,,
387,Turtwig,55,68,64,45,55,31,Grass,,Overgrow,,Shell Armor
388,Grotle,75,89,85,55,65,36,Grass,,Overgrow,,Shell Armor
389,Torterra,95,109,105,75,85,56,Grass,Ground,Overgrow,,Shell Armor
390,Chimchar,44,58,44,58,44,61,Fire,,Blaze,,Iron Fist
391,Monferno,64,78,52,78,52,81,Fire,Fighting,Blaze,,Iron Fist
392,Infernape,76,104,71,104,71,108,Fire,Fighting,Blaze,,Iron Fist
393,Piplup,53,51,53,61,56,40,Water,,Torrent,,Defiant
394,Prinplup,64,66,68,81,76,50,Water,,Torrent,,Defiant
395,Empoleon,84,86,88,111,101,60,Water,Steel,Torrent,,Defiant
396,Starly,40,55,30,30,30,60,Normal,Flying,Keen Eye,,Reckless
397,Staravia,55,75,50,40,40,80,Normal,Flying,Intimidate,,Reckless
398,Staraptor,85,120,70,50,60,100,Normal,Flying,Intimidate,,Reckless
399,Bidoof,59,45,40,35,40,31,Normal,,Simple,Unaware,Moody
400,Bibarel,79,85,60,55,60,71,Normal,Water,Simple,Unaware,Moody
401,Kricketot,37,25,41,25,41,25,Bug,,Shed Skin,,Run Away
402,Kricketune,77,85,51,55,51,65,Bug,,Swarm,,Technician
403,Shinx,45,65,34,40,34,45,Electric,,Rivalry,Intimidate,Guts
404,Luxio,60,85,49,60,49,60,Electric,,Rivalry,Intimidate,Guts
405,Luxray,80,120,79,95,79,70,Electric,,Rivalry,Intimidate,Guts
406,Budew,40,30,35,50,70,55,Grass,Poison,Natural Cure,Poison Point,Leaf Guard
407,Roserade,60,70,65,125,105,90,Grass,Poison,Natural Cure,Poison Point,Technician
408,Cranidos,67,125,40,30,30,58,Rock,,Mold Breaker,,Sheer Force
409,Rampardos,97,165,60,65,50,58,Rock,,Mold Breaker,,Sheer Force
410,Shieldon,30,42,118,42,88,23,Rock,Steel,Sturdy,,Soundproof
411,Bastiodon,60,52,168,47,138,30,Rock,Steel,Sturdy,,Soundproof
412,Burmy,40,29,45,29,45,36,Bug,,Shed Skin,,
413,Wormadam,60,59,85,79,105,36,Bug,Grass,Anticipation,,Overcoat
414,Mothim,70,94,50,94,50,66,Bug,Flying,Swarm,,Tinted Lens
415,Combee,30,30,42,30,42,70,Bug,Flying,Honey Gather,,Hustle
416,Vespiquen,70,80,102,80,102,40,Bug,Flying,Pressure,,Unnerve
417,Pachirisu,60,45,70,45,90,95,Electric,,Run Away,Pickup,Volt Absorb
418,Buizel,55,65,35,60,30,85,Water,,Swift Swim,,Water Veil
419,Floatzel,85,105,55,85,50,115,Water,,Swift Swim,,Water Veil
420,Cherubi,45,35,45,62,53,35,Grass,,Chlorophyll,,
421,Cherrim,70,60,70,87,78,85,Grass,,Flower Gift,,
422,Shellos,76,48,48,57,62,34,Water,,Sticky Hold,Storm Drain,Sand Force
423,Gastrodon,111,83,68,92,82,39,Water,Ground,Sticky Hold,Storm Drain,Sand Force
424,Ambipom,75,100,66,60,66,115,Normal,,Technician,Pickup,Skill Link
425,Drifloon,90,50,34,60,44,70,Ghost,Flying,Aftermath,Unburden,Flare Boost
426,Drifblim,150,80,44,90,54,80,Ghost,Flying,Aftermath,Unburden,Flare Boost
427,Buneary,55,66,44,44,56,85,Normal,,Run Away,Klutz,Limber
428,Lopunny,65,76,84,54,96,105,Normal,,Cute Charm,Klutz,Limber
429,Mismagius,60,60,60,105,105,105,Ghost,,Levitate,,
430,Honchkrow,100,125,52,105,52,71,Dark,Flying,Insomnia,Super Luck,Moxie
431,Glameow,49,55,42,42,37,85,Normal,,Limber,Own Tempo,Keen Eye
432,Purugly,71,82,64,64,59,112,Normal,,Thick Fat,Own Tempo,Defiant
433,Chingling,45,30,50,65,50,45,Psychic,,Levitate,,
434,Stunky,63,63,47,41,41,74,Poison,Dark,Stench,Aftermath,Keen Eye
435,Skuntank,103,93,67,71,61,84,Poison,Dark,Stench,Aftermath,Keen Eye
436,Bronzor,57,24,86,24,86,23,Steel,Psychic,Levitate,Heatproof,Heavy Metal
437,Bronzong,67,89,116,79,116,33,Steel,Psychic,Levitate,Heatproof,Heavy Metal
438,Bonsly,50,80,95,10,45,10,Rock,,Sturdy,Rock Head,Rattled
439,Mime Jr.,20,25,45,70,90,60,Psychic,Fairy,Soundproof,Filter,Technician
440,Happiny,100,5,5,15,65,30,Normal,,Natural Cure,Serene Grace,Friend Guard
441,Chatot,76,65,45,92,42,91,Normal,Flying,Keen Eye,Tangled Feet,Big Pecks
442,Spiritomb,50,92,108,92,108,35,Ghost,Dark,Pressure,,Infiltrator
443,Gible,58,70,45,40,45,42,Dragon,Ground,Sand Veil,,Rough Skin
444,Gabite,68,90,65,50,55,82,Dragon,Ground,Sand Veil,,Rough Skin
445,Garchomp,108,130,95,80,85,102,Dragon,Ground,Sand Veil,,Rough Skin
446,Munchlax,135,85,40,40,85,5,Normal,,Pickup,Thick Fat,Gluttony
447,Riolu,40,70,40,35,40,60,Fighting,,Steadfast,Inner Focus,Prankster
448,Lucario,70,110,70,115,70,90,Fighting,Steel,Steadfast,Inner Focus,Justified
449,Hippopotas,68,72,78,38,42,32,Ground,,Sand Stream,,Sand Force
450,Hippowdon,108,112,118,68,72,47,Ground,,Sand Stream,,Sand Force
451,Skorupi,40,50,90,30,55,65,Poison,Bug,Battle Armor,Sniper,Keen Eye
452,Drapion,70,90,110,60,75,95,Poison,Dark,Battle Armor,Sniper,Keen Eye
453,Croagunk,48,61,40,61,40,50,Poison,Fighting,Anticipation,Dry Skin,Poison Touch
454,Toxicroak,83,106,65,86,65,85,Poison,Fighting,Anticipation,Dry Skin,Poison Touch
455,Carnivine,74,100,72,90,72,46,Grass,,Levitate,,
456,Finneon,49,49,56,49,61,66,Water,,Swift Swim,Storm Drain,Water Veil
457,Lumineon,69,69,76,69,86,91,Water,,Swift Swim,Storm Drain,Water Veil
458,Mantyke,45,20,50,60,120,50,Water,Flying,Swift Swim,Water Absorb,Water Veil
459,Snover,60,62,50,62,60,40,Grass,Ice,Snow Warning,,Soundproof
460,Abomasnow,90,92,75,92,85,60,Grass,Ice,Snow Warning,,Soundproof
461,Weavile,70,120,65,45,85,125,Dark,Ice,Pressure,,Pickpocket
462,Magnezone,70,70,115,130,90,60,Electric,Steel,Magnet Pull,Sturdy,Analytic
463,Lickilicky,110,85,95,80,95,50,Normal,,Own Tempo,Oblivious,Cloud Nine
464,Rhyperior,115,140,130,55,55,40,Ground,Rock,Lightning Rod, Solid Rock,Reckless
465,Tangrowth,100,100,125,110,50,50,Grass,,Chlorophyll,Leaf Guard,Regenerator
466,Electivire,75,123,67,95,85,95,Electric,,Motor Drive,,Vital Spirit
467,Magmortar,75,95,67,125,95,83,Fire,,Flame Body,,Vital Spirit
468,Togekiss,85,50,95,120,115,80,Fairy,Flying,Hustle,Serene Grace,Super Luck
469,Yanmega,86,76,86,116,56,95,Bug,Flying,Speed Boost,Tinted Lens,Frisk
470,Leafeon,65,110,130,60,65,95,Grass,,Leaf Guard,,Chlorophyll
471,Glaceon,65,60,110,130,95,65,Ice,,Snow Cloak,,Ice Body
472,Gliscor,75,95,125,45,75,95,Ground,Flying,Hyper Cutter,Sand Veil,Poison Heal
473,Mamoswine,110,130,80,70,60,80,Ice,Ground,Oblivious, Snow Cloak,Thick Fat
474,Porygon-Z,85,80,70,135,75,90,Normal,,Adaptability,Download,Analytic
475,Gallade,68,125,65,65,115,80,Psychic,Fighting,Steadfast,,Justified
476,Probopass,60,55,145,75,150,40,Rock,Steel,Sturdy,Magnet Pull, Sand Force
477,Dusknoir,45,100,135,65,135,45,Ghost,,Pressure,,Frisk
478,Froslass,70,80,70,80,70,110,Ice,Ghost,Snow Cloak,,Cursed Body
479,Rotom,50,50,77,95,77,91,Electric,Ghost,Levitate,,
480,Uxie,75,75,130,75,130,95,Psychic,,Levitate,,
481,Mesprit,80,105,105,105,105,80,Psychic,,Levitate,,
482,Azelf,75,125,70,125,70,115,Psychic,,Levitate,,
483,Dialga,100,120,120,150,100,90,Steel,Dragon,Pressure,,Telepathy
484,Palkia,90,120,100,150,120,100,Water,Dragon,Pressure,,Telepathy
485,Heatran,91,90,106,130,106,77,Fire,Steel,Flash Fire,,Flame Body
486,Regigigas,110,160,110,80,110,100,Normal,,Slow Start,,
487,Giratina,150,100,120,100,120,90,Ghost,Dragon,Pressure,,Telepathy
488,Cresselia,120,70,120,75,130,85,Psychic,,Levitate,,
489,Phione,80,80,80,80,80,80,Water,,Hydration,,
490,Manaphy,100,100,100,100,100,100,Water,,Hydration,,
491,Darkrai,70,90,90,135,90,125,Dark,,Bad Dreams,,
492,Shaymin,100,100,100,100,100,100,Grass,,Natural Cure,,
493,Arceus,120,120,120,120,120,120,Normal,,Multitype,,
494,Victini,100,100,100,100,100,100,Psychic,Fire,Victory Star,,
495,Snivy,45,45,55,45,55,63,Grass,,Overgrow,,Contrary
496,Servine,60,60,75,60,75,83,Grass,,Overgrow,,Contrary
497,Serperior,75,75,95,75,95,113,Grass,,Overgrow,,Contrary
498,Tepig,65,63,45,45,45,45,Fire,,Blaze,,Thick Fat
499,Pignite,90,93,55,70,55,55,Fire,Fighting,Blaze,,Thick Fat
500,Emboar,110,123,65,100,65,65,Fire,Fighting,Blaze,,Reckless
501,Oshawott,55,55,45,63,45,45,Water,,Torrent,,Shell Armor
502,Dewott,75,75,60,83,60,60,Water,,Torrent,,Shell Armor
503,Samurott,95,100,85,108,70,70,Water,,Torrent,,Shell Armor
504,Patrat,45,55,39,35,39,42,Normal,,Run Away,Keen Eye,Analytic
505,Watchog,60,85,69,60,69,77,Normal,,Illuminate,Keen Eye,Analytic
506,Lillipup,45,60,45,25,45,55,Normal,,Vital Spirit,Pickup,Run Away
507,Herdier,65,80,65,35,65,60,Normal,,Intimidate,Sand Rush, Scrappy
508,Stoutland,85,110,90,45,90,80,Normal,,Intimidate,Sand Rush, Scrappy
509,Purrloin,41,50,37,50,37,66,Dark,,Limber,Unburden,Prankster
510,Liepard,64,88,50,88,50,106,Dark,,Limber,Unburden,Prankster
511,Pansage,50,53,48,53,48,64,Grass,,Gluttony,,Overgrow
512,Simisage,75,98,63,98,63,101,Grass,,Gluttony,,Overgrow
513,Pansear,50,53,48,53,48,64,Fire,,Gluttony,,Blaze
514,Simisear,75,98,63,98,63,101,Fire,,Gluttony,,Blaze
515,Panpour,50,53,48,53,48,64,Water,,Gluttony,,Torrent
516,Simipour,75,98,63,98,63,101,Water,,Gluttony,,Torrent
517,Munna,76,25,45,67,55,24,Psychic,,Forewarn,Synchronize,Telepathy
518,Musharna,116,55,85,107,95,29,Psychic,,Forewarn,Synchronize,Telepathy
519,Pidove,50,55,50,36,30,43,Normal,Flying,Big Pecks,Super Luck,Rivalry
520,Tranquill,62,77,62,50,42,65,Normal,Flying,Big Pecks,Super Luck,Rivalry
521,Unfezant,80,115,80,65,55,93,Normal,Flying,Big Pecks,Super Luck,Rivalry
522,Blitzle,45,60,32,50,32,76,Electric,,Lightning Rod,Motor Drive,Sap Sipper
523,Zebstrika,75,100,63,80,63,116,Electric,,Lightning Rod,Motor Drive,Sap Sipper
524,Roggenrola,55,75,85,25,25,15,Rock,,Sturdy,Weak Armor,Sand Force
525,Boldore,70,105,105,50,40,20,Rock,,Sturdy,Weak Armor,Sand Force
526,Gigalith,85,135,130,60,80,25,Rock,,Sturdy,Sand Stream,Sand Force
527,Woobat,55,45,43,55,43,72,Psychic,Flying,Unaware,Klutz,Simple
528,Swoobat,67,57,55,77,55,114,Psychic,Flying,Unaware,Klutz,Simple
529,Drilbur,60,85,40,30,45,68,Ground,,Sand Rush,Sand Force,Mold Breaker
530,Excadrill,110,135,60,50,65,88,Ground,Steel,Sand Rush,Sand Force,Mold Breaker
531,Audino,103,60,86,60,86,50,Normal,,Healer,Regenerator,Klutz
532,Timburr,75,80,55,25,35,35,Fighting,,Guts,Sheer Force,Iron Fist
533,Gurdurr,85,105,85,40,50,40,Fighting,,Guts,Sheer Force,Iron Fist
534,Conkeldurr,105,140,95,55,65,45,Fighting,,Guts,Sheer Force,Iron Fist
535,Tympole,50,50,40,50,40,64,Water,,Swift Swim,Hydration,Water Absorb
536,Palpitoad,75,65,55,65,55,69,Water,Ground,Swift Swim,Hydration,Water Absorb
537,Seismitoad,105,95,75,85,75,74,Water,Ground,Swift Swim,Poison Touch,Water Absorb
538,Throh,120,100,85,30,85,45,Fighting,,Guts,Inner Focus,Mold Breaker
539,Sawk,75,125,75,30,75,85,Fighting,,Sturdy,Inner Focus,Mold Breaker
540,Sewaddle,45,53,70,40,60,42,Bug,Grass,Swarm,Chlorophyll,Overcoat
541,Swadloon,55,63,90,50,80,42,Bug,Grass,Leaf Guard,Chlorophyll,Overcoat
542,Leavanny,75,103,80,70,80,92,Bug,Grass,Swarm,Chlorophyll,Overcoat
543,Venipede,30,45,59,30,39,57,Bug,Poison,Poison Point,Swarm,Speed Boost
544,Whirlipede,40,55,99,40,79,47,Bug,Poison,Poison Point,Swarm,Speed Boost
545,Scolipede,60,100,89,55,69,112,Bug,Poison,Poison Point,Swarm,Speed Boost
546,Cottonee,40,27,60,37,50,66,Grass,Fairy,Prankster,Infiltrator,Chlorophyll
547,Whimsicott,60,67,85,77,75,116,Grass,Fairy,Prankster,Infiltrator,Chlorophyll
548,Petilil,45,35,50,70,50,30,Grass,,Chlorophyll,Own Tempo,Leaf Guard
549,Lilligant,70,60,75,110,75,90,Grass,,Chlorophyll,Own Tempo,Leaf Guard
550,Basculin,70,92,65,80,55,98,Water,,Reckless,Adaptability,Mold Breaker
551,Sandile,50,72,35,35,35,65,Ground,Dark,Intimidate,Moxie,Anger Point
552,Krokorok,60,82,45,45,45,74,Ground,Dark,Intimidate,Moxie,Anger Point
553,Krookodile,95,117,80,65,70,92,Ground,Dark,Intimidate,Moxie,Anger Point
554,Darumaka,70,90,45,15,45,50,Fire,,Hustle,,Inner Focus
555,Darmanitan,105,140,55,30,55,95,Fire,,Sheer Force,,Zen Mode
556,Maractus,75,86,67,106,67,60,Grass,,Water Absorb,Chlorophyll,Storm Drain
557,Dwebble,50,65,85,35,55,55,Bug,Rock,Sturdy,Shell Armor,Weak Armor
558,Crustle,70,105,125,65,75,45,Bug,Rock,Sturdy,Shell Armor,Weak Armor
559,Scraggy,50,75,70,35,70,48,Dark,Fighting,Shed Skin,Moxie,Intimidate
560,Scrafty,65,90,115,45,115,58,Dark,Fighting,Shed Skin,Moxie,Intimidate
561,Sigilyph,72,58,80,103,80,97,Psychic,Flying,Wonder Skin,Magic Guard,Tinted Lens
562,Yamask,38,30,85,55,65,30,Ghost,,Mummy,,
563,Cofagrigus,58,50,145,95,105,30,Ghost,,Mummy,,
564,Tirtouga,54,78,103,53,45,22,Water,Rock,Solid Rock,Sturdy,Swift Swim
565,Carracosta,74,108,133,83,65,32,Water,Rock, Solid Rock,Sturdy,Swift Swim
566,Archen,55,112,45,74,45,70,Rock,Flying,Defeatist,,
567,Archeops,75,140,65,112,65,110,Rock,Flying,Defeatist,,
568,Trubbish,50,50,62,40,62,65,Poison,,Stench,Sticky Hold,Aftermath
569,Garbodor,80,95,82,60,82,75,Poison,,Stench,Weak Armor,Aftermath
570,Zorua,40,65,40,80,40,65,Dark,,Illusion,,
571,Zoroark,60,105,60,120,60,105,Dark,,Illusion,,
572,Minccino,55,50,40,40,40,75,Normal,,Cute Charm,Technician,Skill Link
573,Cinccino,75,95,60,65,60,115,Normal,,Cute Charm,Technician,Skill Link
574,Gothita,45,30,50,55,65,45,Psychic,,Frisk,Competitive,Shadow Tag
575,Gothorita,60,45,70,75,85,55,Psychic,,Frisk,Competitive,Shadow Tag
576,Gothitelle,70,55,95,95,110,65,Psychic,,Frisk,Competitive,Shadow Tag
577,Solosis,45,30,40,105,50,20,Psychic,,Overcoat,Magic Guard,Regenerator
578,Duosion,65,40,50,125,60,30,Psychic,,Overcoat,Magic Guard,Regenerator
579,Reuniclus,110,65,75,125,85,30,Psychic,,Overcoat,Magic Guard,Regenerator
580,Ducklett,62,44,50,44,50,55,Water,Flying,Keen Eye,Big Pecks,Hydration
581,Swanna,75,87,63,87,63,98,Water,Flying,Keen Eye,Big Pecks,Hydration
582,Vanillite,36,50,50,65,60,44,Ice,,Ice Body,Snow Cloak,Weak Armor
583,Vanillish,51,65,65,80,75,59,Ice,,Ice Body,Snow Cloak,Weak Armor
584,Vanilluxe,71,95,85,110,95,79,Ice,,Ice Body,Snow Warning,Weak Armor
585,Deerling,60,60,50,40,50,75,Normal,Grass,Chlorophyll,Sap Sipper,Serene Grace
586,Sawsbuck,80,100,70,60,70,95,Normal,Grass,Chlorophyll,Sap Sipper,Serene Grace
587,Emolga,55,75,60,75,60,103,Electric,Flying,Static,,Motor Drive
588,Karrablast,50,75,45,40,45,60,Bug,,Swarm,,No Guard
589,Escavalier,70,135,105,60,105,20,Bug,Steel,Swarm,Shell Armor,Overcoat
590,Foongus,69,55,45,55,55,15,Grass,Poison,Effect Spore,,Regenerator
591,Amoonguss,114,85,70,85,80,30,Grass,Poison,Effect Spore,,Regenerator
592,Frillish,55,40,50,65,85,40,Water,Ghost,Water Absorb,Cursed Body,Damp
593,Jellicent,100,60,70,85,105,60,Water,Ghost,Water Absorb,Cursed Body,Damp
594,Alomomola,165,75,80,40,45,65,Water,,Healer,Hydration,Regenerator
595,Joltik,50,47,50,57,50,65,Bug,Electric,Compound Eyes,Unnerve,Swarm
596,Galvantula,70,77,60,97,60,108,Bug,Electric,Compound Eyes,Unnerve,Swarm
597,Ferroseed,44,50,91,24,86,10,Grass,Steel,Iron Barbs,,Anticipation
598,Ferrothorn,74,94,131,54,116,20,Grass,Steel,Iron Barbs,,Anticipation
599,Klink,40,55,70,45,60,30,Steel,,Plus,Minus,Clear Body
600,Klang,60,80,95,70,85,50,Steel,,Plus,Minus,Clear Body
601,Klinklang,60,100,115,70,85,90,Steel,,Plus,Minus,Clear Body
602,Tynamo,35,55,40,45,40,60,Electric,,Levitate,,
603,Eelektrik,65,85,70,75,70,40,Electric,,Levitate,,
604,Eelektross,85,115,80,105,80,50,Electric,,Levitate,,
605,Elgyem,55,55,55,85,55,30,Psychic,,Telepathy,Synchronize,Analytic
606,Beheeyem,75,75,75,125,95,40,Psychic,,Telepathy,Synchronize,Analytic
607,Litwick,50,30,55,65,55,20,Ghost,Fire,Flash Fire,Flame Body,Infiltrator
608,Lampent,60,40,60,95,60,55,Ghost,Fire,Flash Fire,Flame Body,Infiltrator
609,Chandelure,60,55,90,145,90,80,Ghost,Fire,Flash Fire,Flame Body,Infiltrator
610,Axew,46,87,60,30,40,57,Dragon,,Rivalry,Mold Breaker,Unnerve
611,Fraxure,66,117,70,40,50,67,Dragon,,Rivalry,Mold Breaker,Unnerve
612,Haxorus,76,147,90,60,70,97,Dragon,,Rivalry,Mold Breaker,Unnerve
613,Cubchoo,55,70,40,60,40,40,Ice,,Snow Cloak,Slush Rush,Rattled
614,Beartic,95,130,80,70,80,50,Ice,,Snow Cloak,Slush Rush,Swift Swim
615,Cryogonal,80,50,50,95,135,105,Ice,,Levitate,,
616,Shelmet,50,40,85,40,65,25,Bug,,Hydration,Shell Armor,Overcoat
617,Accelgor,80,70,40,100,60,145,Bug,,Hydration,Sticky Hold,Unburden
618,Stunfisk,109,66,84,81,99,32,Ground,Electric,Static,Limber,Sand Veil
619,Mienfoo,45,85,50,55,50,65,Fighting,,Inner Focus,Regenerator,Reckless
620,Mienshao,65,125,60,95,60,105,Fighting,,Inner Focus,Regenerator,Reckless
621,Druddigon,77,120,90,60,90,48,Dragon,,Rough Skin,Sheer Force,Mold Breaker
622,Golett,59,74,50,35,50,35,Ground,Ghost,Iron Fist,Klutz,No Guard
623,Golurk,89,124,80,55,80,55,Ground,Ghost,Iron Fist,Klutz,No Guard
624,Pawniard,45,85,70,40,40,60,Dark,Steel,Defiant,Inner Focus,Pressure
625,Bisharp,65,125,100,60,70,70,Dark,Steel,Defiant,Inner Focus,Pressure
626,Bouffalant,95,110,95,40,95,55,Normal,,Reckless,Sap Sipper,Soundproof
627,Rufflet,70,83,50,37,50,60,Normal,Flying,Keen Eye,Sheer Force,Hustle
628,Braviary,100,123,75,57,75,80,Normal,Flying,Keen Eye,Sheer Force,Defiant
629,Vullaby,70,55,75,45,65,60,Dark,Flying,Big Pecks,Overcoat,Weak Armor
630,Mandibuzz,110,65,105,55,95,80,Dark,Flying,Big Pecks,Overcoat,Weak Armor
631,Heatmor,85,97,66,105,66,65,Fire,,Gluttony,Flash Fire,White Smoke
632,Durant,58,109,112,48,48,109,Bug,Steel,Swarm,Hustle,Truant
633,Deino,52,65,50,45,50,38,Dark,Dragon,Hustle,,
634,Zweilous,72,85,70,65,70,58,Dark,Dragon,Hustle,,
635,Hydreigon,92,105,90,125,90,98,Dark,Dragon,Levitate,,
636,Larvesta,55,85,55,50,55,60,Bug,Fire,Flame Body,,Swarm
637,Volcarona,85,60,65,135,105,100,Bug,Fire,Flame Body,,Swarm
638,Cobalion,91,90,129,90,72,108,Steel,Fighting,Justified,,
639,Terrakion,91,129,90,72,90,108,Rock,Fighting,Justified,,
640,Virizion,91,90,72,90,129,108,Grass,Fighting,Justified,,
641,Tornadus,79,115,70,125,80,111,Flying,,Prankster,Defiant,
642,Thundurus,79,115,70,125,80,111,Electric,Flying,Prankster,Defiant,
643,Reshiram,100,120,100,150,120,90,Dragon,Fire,Turboblaze,,
644,Zekrom,100,150,120,120,100,90,Dragon,Electric,Teravolt,,
645,Landorus,89,125,90,115,80,101,Ground,Flying,Sand Force,Sheer Force,
646,Kyurem,125,130,90,130,90,95,Dragon,Ice,Pressure,,
647,Keldeo,91,72,90,129,90,108,Water,Fighting,Justified,,
648,Meloetta,100,77,77,128,128,90,Normal,Psychic,Serene Grace,,
649,Genesect,71,120,95,120,95,99,Bug,Steel,Download,,
650,Chespin,56,61,65,48,45,38,Grass,,Overgrow,,Bulletproof
651,Quilladin,61,78,95,56,58,57,Grass,,Overgrow,,Bulletproof
652,Chesnaught,88,107,122,74,75,64,Grass,Fighting,Overgrow,,Bulletproof
653,Fennekin,40,45,40,62,60,60,Fire,,Blaze,,Magician
654,Braixen,59,59,58,90,70,73,Fire,,Blaze,,Magician
655,Delphox,75,69,72,114,100,104,Fire,Psychic,Blaze,,Magician
656,Froakie,41,56,40,62,44,71,Water,,Torrent,,Protean
657,Frogadier,54,63,52,83,56,97,Water,,Torrent,,Protean
658,Greninja,72,95,67,103,71,122,Water,Dark,Torrent,,Protean
659,Bunnelby,38,36,38,32,36,57,Normal,,Pickup,Cheek Pouch,Huge Power
660,Diggersby,85,56,77,50,77,78,Normal,Ground,Pickup,Cheek Pouch,Huge Power
661,Fletchling,45,50,43,40,38,62,Normal,Flying,Big Pecks,,Gale Wings
662,Fletchinder,62,73,55,56,52,84,Fire,Flying,Flame Body,,Gale Wings
663,Talonflame,78,81,71,74,69,126,Fire,Flying,Flame Body,,Gale Wings
664,Scatterbug,38,35,40,27,25,35,Bug,,Shield Dust,Compound Eyes,Friend Guard
665,Spewpa,45,22,60,27,30,29,Bug,,Shed Skin,,Friend Guard
666,Vivillon,80,52,50,90,50,89,Bug,Flying,Shield Dust,Compound Eyes,Friend Guard
667,Litleo,62,50,58,73,54,72,Fire,Normal,Rivalry,Unnerve,Moxie
668,Pyroar,86,68,72,109,66,106,Fire,Normal,Rivalry,Unnerve,Moxie
669,Flabébé,44,38,39,61,79,42,Fairy,,Flower Veil,,Symbiosis
670,Floette,54,45,47,75,98,52,Fairy,,Flower Veil,,Symbiosis
671,Florges,78,65,68,112,154,75,Fairy,,Flower Veil,,Symbiosis
672,Skiddo,66,65,48,62,57,52,Grass,,Sap Sipper,,Grass Pelt
673,Gogoat,123,100,62,97,81,68,Grass,,Sap Sipper,,Grass Pelt
674,Pancham,67,82,62,46,48,43,Fighting,,Iron Fist,Mold Breaker,Scrappy
675,Pangoro,95,124,78,69,71,58,Fighting,Dark,Iron Fist,Mold Breaker,Scrappy
676,Furfrou,75,80,60,65,90,102,Normal,,Fur Coat,,
677,Espurr,62,48,54,63,60,68,Psychic,,Keen Eye,Infiltrator,Own Tempo
678,Meowstic,74,48,76,83,81,104,Psychic,,Keen Eye,Infiltrator,Prankster
679,Honedge,45,80,100,35,37,28,Steel,Ghost,No Guard,,Stance Change
680,Doublade,59,110,150,45,49,35,Steel,Ghost,No Guard,,Stance Change
681,Aegislash,60,50,150,50,150,60,Steel,Ghost,Stance Change,,
682,Spritzee,78,52,60,63,65,23,Fairy,,Healer,,Aroma Veil
683,Aromatisse,101,72,72,99,89,29,Fairy,,Healer,,Aroma Veil
684,Swirlix,62,48,66,59,57,49,Fairy,,Sweet Veil,,Unburden
685,Slurpuff,82,80,86,85,75,72,Fairy,,Sweet Veil,,Unburden
686,Inkay,53,54,53,37,46,45,Dark,Psychic,Contrary,Suction Cups,Infiltrator
687,Malamar,86,92,88,68,75,73,Dark,Psychic,Contrary,Suction Cups,Infiltrator
688,Binacle,42,52,67,39,56,50,Rock,Water,Tough Claws,Sniper,Pickpocket
689,Barbaracle,72,105,115,54,86,68,Rock,Water,Tough Claws,Sniper,Pickpocket
690,Skrelp,50,60,60,60,60,30,Poison,Water,Poison Point,Poison Touch,Adaptability
691,Dragalge,65,75,90,97,123,44,Poison,Dragon,Poison Point,Poison Touch,Adaptability
692,Clauncher,50,53,62,58,63,44,Water,,Mega Launcher,,
693,Clawitzer,71,73,88,120,89,59,Water,,Mega Launcher,,
694,Helioptile,44,38,33,61,43,70,Electric,Normal,Dry Skin,Sand Veil, Solar Power
695,Heliolisk,62,55,52,109,94,109,Electric,Normal,Dry Skin,Sand Veil, Solar Power
696,Tyrunt,58,89,77,45,45,48,Rock,Dragon,Strong Jaw,,Sturdy
697,Tyrantrum,82,121,119,69,59,71,Rock,Dragon,Strong Jaw,,Rock Head
698,Amaura,77,59,50,67,63,46,Rock,Ice,Refrigerate,,Snow Warning
699,Aurorus,123,77,72,99,92,58,Rock,Ice,Refrigerate,,Snow Warning
700,Sylveon,95,65,65,110,130,60,Fairy,,Cute Charm,,Pixilate
701,Hawlucha,78,92,75,74,63,118,Fighting,Flying,Limber,Unburden,Mold Breaker
702,Dedenne,67,58,57,81,67,101,Electric,Fairy,Cheek Pouch,Pickup,Plus
703,Carbink,50,50,150,50,150,50,Rock,Fairy,Clear Body,,Sturdy
704,Goomy,45,50,35,55,75,40,Dragon,,Sap Sipper,Hydration,Gooey
705,Sliggoo,68,75,53,83,113,60,Dragon,,Sap Sipper,Hydration,Gooey
706,Goodra,90,100,70,110,150,80,Dragon,,Sap Sipper,Hydration,Gooey
707,Klefki,57,80,91,80,87,75,Steel,Fairy,Prankster,,Magician
708,Phantump,43,70,48,50,60,38,Ghost,Grass,Natural Cure,Frisk,Harvest
709,Trevenant,85,110,76,65,82,56,Ghost,Grass,Natural Cure,Frisk,Harvest
710,Pumpkaboo,49,66,70,44,55,51,Ghost,Grass,Pickup,Frisk,Insomnia
711,Gourgeist,65,90,122,58,75,84,Ghost,Grass,Pickup,Frisk,Insomnia
712,Bergmite,55,69,85,32,35,28,Ice,,Own Tempo,Ice Body,Sturdy
713,Avalugg,95,117,184,44,46,28,Ice,,Own Tempo,Ice Body,Sturdy
714,Noibat,40,30,35,45,40,55,Flying,Dragon,Frisk,Infiltrator,Telepathy
715,Noivern,85,70,80,97,80,123,Flying,Dragon,Frisk,Infiltrator,Telepathy
716,Xerneas,126,131,95,131,98,99,Fairy,,Fairy Aura,,
717,Yveltal,126,131,95,131,98,99,Dark,Flying,Dark Aura,,
718,Zygarde,108,100,121,81,95,95,Dragon,Ground,Aura Break,Power Construct,
719,Diancie,50,100,150,100,150,50,Rock,Fairy,Clear Body,,Magic Bounce
720,Hoopa,80,110,60,150,130,70,Psychic,Ghost,Magician,,
721,Volcanion,80,110,120,130,90,70,Fire,Water,Water Absorb,,
722,Rowlet,68,55,55,50,50,42,Grass,Flying,Overgrow,,Long Reach
723,Dartrix,78,75,75,70,70,52,Grass,Flying,Overgrow,,Long Reach
724,Decidueye,78,107,75,100,100,70,Grass,Ghost,Overgrow,,Long Reach
725,Litten,45,65,40,60,40,70,Fire,,Blaze,,Intimidate
726,Torracat,65,85,50,80,50,90,Fire,,Blaze,,Intimidate
727,Incineroar,95,115,90,80,90,60,Fire,Dark,Blaze,,Intimidate
728,Popplio,50,54,54,66,56,40,Water,,Torrent,,Liquid Voice
729,Brionne,60,69,69,91,81,50,Water,,Torrent,,Liquid Voice
730,Primarina,80,74,74,126,116,60,Water,Fairy,Torrent,,Liquid Voice
731,Pikipek,35,75,30,30,30,65,Normal,Flying,Skill Link,Pickup,Keen Eye
732,Trumbeak,55,85,50,40,50,75,Normal,Flying,Skill Link,Pickup,Keen Eye
733,Toucannon,80,120,75,75,75,60,Normal,Flying,Skill Link,Sheer Force,Rock Blast
734,Yungoos,48,70,30,30,30,45,Normal,,Stakeout,Strong Jaw,Adaptability
735,Gumshoos,88,110,60,55,60,45,Normal,,Stakeout,Strong Jaw,Adaptability
736,Grubbin,47,62,45,55,45,46,Bug,,Swarm,,
737,Charjabug,57,82,95,55,75,36,Bug,Electric,Battery,,
738,Vikavolt,77,70,90,145,75,43,Bug,Electric,Levitate,,
739,Crabrawler,47,82,57,42,47,63,Fighting,,Hyper Cutter,Iron Fist,Anger Point
740,Crabominable,97,132,77,62,67,43,Fighting,Ice,Hyper Cutter,Iron Fist,Anger Point
741,Oricorio,75,70,70,98,70,93,Flying,Fairy,Dancer,,
742,Cutiefly,40,45,40,55,40,84,Bug,Fairy,Honey Gather,Shield Dust,Sweet Veil
743,Ribombee,60,55,60,95,70,124,Bug,Fairy,Honey Gather,Shield Dust,Sweet Veil
744,Rockruff,45,65,40,30,40,60,Rock,,Keen Eye,Vital Spirit,Steadfast
745,Lycanroc,75,115,65,55,65,112,Rock,,Keen Eye,Sand Rush,Steadfast
746,Wishiwashi,45,20,20,25,25,40,Water,,Schooling,,
747,Mareanie,50,53,62,43,52,45,Poison,Water,Merciless,Limber,Regenerator
748,Toxapex,50,63,152,53,142,35,Poison,Water,Merciless,Limber,Regenerator
749,Mudbray,70,100,70,45,55,45,Ground,,Own Tempo,Stamina,Inner Focus
750,Mudsdale,100,125,100,55,85,35,Ground,,Own Tempo,Stamina,Inner Focus
751,Dewpider,38,40,52,40,72,27,Water,Bug,Water Bubble,Water Absorb,Hidden
752,Araquanid,68,70,92,50,132,42,Water,Bug,Water Bubble,Water Absorb,Hidden
753,Fomantis,40,55,35,50,35,35,Grass,,Leaf Guard,Contrary,Hidden
754,Lurantis,70,105,90,80,90,45,Grass,,Leaf Guard,Contrary,Hidden
755,Morelull,40,35,55,65,75,15,Grass,Fairy,Illuminate,Effect Spore,Rain Dish
756,Shiinotic,60,45,80,90,100,30,Grass,Fairy,Illuminate,Effect Spore,Rain Dish
757,Salandit,48,44,40,71,40,77,Poison,Fire,Corrosion,Oblivious,Hidden
758,Salazzle,68,64,60,111,60,117,Poison,Fire,Corrosion,Oblivious,Hidden
759,Stufful,70,75,50,45,50,50,Normal,Fighting,Fluffy,Klutz,Cute Charm
760,Bewear,120,125,80,55,60,60,Normal,Fighting,Fluffy,Klutz,Unnerve
761,Bounsweet,42,30,38,30,38,32,Grass,,Leaf Guard,Oblivious,Sweet Veil
762,Steenee,52,40,48,40,48,62,Grass,,Leaf Guard,Oblivious,Sweet Veil
763,Tsareena,72,120,98,50,98,72,Grass,,Leaf Guard,Queenly Majesty,Sweet Veil
764,Comfey,51,52,90,82,110,100,Fairy,,Flower Veil,Triage,Natural Cure
765,Oranguru,90,60,80,90,110,60,Normal,Psychic,Inner Focus,Telepathy,Symbiosis
766,Passimian,100,120,90,40,60,80,Fighting,,Receiver,,Defiant
767,Wimpod,25,35,40,20,30,80,Bug,Water,Wimp Out,,
768,Golisopod,75,125,140,60,90,40,Bug,Water,Emergency Exit,,
769,Sandygast,55,55,80,70,45,15,Ghost,Ground,Water Compaction,Sand Veil,Amnesia
770,Palossand,85,75,110,100,75,35,Ghost,Ground,Water Compaction,Sand Veil,Amnesia
771,Pyukumuku,55,60,130,30,130,5,Water,,Innards Out,,Unaware
772,Type: Null,95,95,95,95,95,59,Normal,,Battle Armor,,
773,Silvally,95,95,95,95,95,95,Normal,,RKS System,,
774,Minior,60,60,100,60,100,60,Rock,Flying,Shields Down,,
775,Komala,65,115,65,75,95,65,Normal,,Comatose,,
776,Turtonator,60,78,135,91,85,36,Fire,Dragon,Shell Armor,,Shell Trap
777,Togedemaru,65,98,63,40,73,96,Electric,Steel,Iron Barbs,Lightning Rod,Sturdy
778,Mimikyu,55,90,80,50,105,96,Ghost,Fairy,Disguise,,
779,Bruxish,68,105,70,70,70,92,Water,Psychic,Dazzling,Strong Jaw,Wonder Skin
780,Drampa,78,60,85,135,91,36,Normal,Dragon,Berserk,Sap Sipper,Cloud Nine
781,Dhelmise,70,131,100,86,90,40,Ghost,Grass,Steelworker,,
782,Jangmo-o,45,55,65,45,45,45,Dragon,,Bulletproof,Soundproof,Overcoat
783,Hakamo-o,55,75,90,65,70,65,Dragon,Fighting,Bulletproof,Soundproof,Overcoat
784,Kommo-o,75,110,125,100,105,85,Dragon,Fighting,Bulletproof,Soundproof,Overcoat
785,Tapu Koko,70,115,85,95,75,130,Electric,Fairy,Electric Surge,,Telepathy
786,Tapu Lele,70,85,75,130,115,95,Psychic,Fairy, Psychic Surge,,Telepathy
787,Tapu Bulu,70,130,115,85,95,75,Grass,Fairy,Grassy Surge,,Telepathy
788,Tapu Fini,70,75,115,95,130,85,Water,Fairy,Misty Surge,,Telepathy
789,Cosmog,43,29,31,29,31,37,Psychic,,Unaware,,
790,Cosmoem,43,29,131,29,131,37,Psychic,,Sturdy,,
791,Solgaleo,137,137,107,113,89,97,Psychic,Steel,Full Metal Body,,
792,Lunala,137,113,89,137,107,97,Psychic,Ghost,Shadow Shield,,
793,Nihilego,109,53,47,127,131,103,Rock,Poison,Beast Boost,,
794,Buzzwole,107,139,139,53,53,79,Bug,Fighting,Beast Boost,,
795,Pheromosa,71,137,37,137,37,151,Bug,Fighting,Beast Boost,,
796,Xurkitree,83,89,71,173,71,83,Electric,,Beast Boost,,
797,Celesteela,97,101,103,107,101,61,Steel,Flying,Beast Boost,,
798,Kartana,59,181,131,59,31,109,Grass,Steel,Beast Boost,,
799,Guzzlord,223,101,53,97,53,43,Dark,Dragon,Beast Boost,,
800,Necrozma,97,107,101,127,89,79,Psychic,,Prism Armor,,
801,Magearna,80,95,115,130,115,65,Steel,Fairy,Soul-Heart,,
802,Marshadow,90,125,80,90,90,125,Fighting,Ghost,Technician,,
803,Poipole,67,73,67,73,67,73,Poison,,Beast Boost,,
804,Naganadel,73,73,73,127,73,121,Poison,Dragon,Beast Boost,,
805,Stakataka,61,131,211,53,101,13,Rock,Steel,Beast Boost,,
806,Blacephalon,53,127,53,151,79,107,Fire,Ghost,Beast Boost,,
807,Zeraora,88,112,75,102,80,143,Electric,,Volt Absorb,,
808,Meltan,46,65,65,55,35,34,Steel,,Magnet Pull,,
809,Melmetal,135,143,143,80,65,34,Steel,,Iron Fist,,
810,Grookey,50,65,50,40,40,65,Grass,,Overgrow,,Grassy Surge
811,Thwackey,70,85,70,55,60,80,Grass,,Overgrow,,Grassy Surge
812,Rillaboom,100,125,90,60,70,85,Grass,,Overgrow,,Grassy Surge
813,Scorbunny,50,71,40,40,40,69,Fire,,Blaze,,Libero
814,Raboot,65,86,60,55,60,94,Fire,,Blaze,,Libero
815,Cinderace,80,116,75,65,75,119,Fire,,Blaze,,Libero
816,Sobble,50,40,40,70,40,70,Water,,Torrent,,Sniper
817,Drizzile,65,60,55,95,55,90,Water,,Torrent,,Sniper
818,Inteleon,70,85,65,125,65,120,Water,,Torrent,,Sniper
819,Skwovet,70,55,55,35,35,25,Normal,,Cheek Pouch,,Gluttony
820,Greedent,120,95,95,55,75,20,Normal,,Cheek Pouch,,Gluttony
821,Rookidee,38,47,35,33,35,57,Flying,,Keen Eye,Unnerve,Big Pecks
822,Corvisquire,68,67,55,43,55,77,Flying,,Keen Eye,Unnerve,Big Pecks
823,Corviknight,98,87,105,53,85,67,Flying,Steel,Pressure,Unnerve,Mirror Armor
824,Blipbug,25,20,20,25,45,45,Bug,,Swarm,Compound Eyes,Telepathy
825,Dottler,50,35,80,50,90,30,Bug,Psychic,Swarm,Compound Eyes,Telepathy
826,Orbeetle,60,45,110,80,120,90,Bug,Psychic,Swarm,Frisk,Telepathy
827,Nickit,40,28,28,47,52,50,Dark,,Run Away,Unburden,Stakeout
828,Thievul,70,58,58,87,92,90,Dark,,Run Away,Unburden,Stakeout
829,Gossifleur,40,40,60,40,60,10,Grass,,Cotton Down,Regenerator,Effect Spore
830,Eldegoss,60,50,90,80,120,60,Grass,,Cotton Down,Regenerator,Effect Spore
831,Wooloo,42,40,55,40,45,48,Normal,,Fluffy,Run Away,Bulletproof
832,Dubwool,72,80,100,60,90,88,Normal,,Fluffy,Steadfast,Bulletproof
833,Chewtle,50,64,50,38,38,44,Water,,Strong Jaw,Shell Armor,Swift Swim
834,Drednaw,90,115,90,48,68,74,Water,Rock,Strong Jaw,Shell Armor,Swift Swim
835,Yamper,59,45,50,40,50,26,Electric,,Ball Fetch,,Rattled
836,Boltund,69,90,60,90,60,121,Electric,,Strong Jaw,,Competitive
837,Rolycoly,30,40,50,40,50,30,Rock,,Steam Engine,Heatproof,Flash Fire
838,Carkol,80,60,90,60,70,50,Rock,Fire,Steam Engine,Flame Body,Flash Fire
839,Coalossal,110,80,120,80,90,30,Rock,Fire,Steam Engine,Flame Body,Flash Fire
840,Applin,40,40,80,40,40,20,Grass,Dragon,Ripen,Gluttony,Contrary
841,Flapple,70,110,80,95,60,70,Grass,Dragon,Ripen,Gluttony,Hustle
842,Appletun,110,85,80,100,80,30,Grass,Dragon,Ripen,Gluttony,Thick Fat
843,Silicobra,52,57,75,35,50,46,Ground,,Sand Spit,Shed Skin,Sand Veil
844,Sandaconda,72,107,125,65,70,71,Ground,,Sand Spit,Shed Skin,Sand Veil
845,Cramorant,70,85,55,85,95,85,Flying,Water,Gulp Missile,,
846,Arrokuda,41,63,40,40,30,66,Water,,Swift Swim,,Propeller Tail
847,Barraskewda,61,123,60,60,50,136,Water,,Swift Swim,,Propeller Tail
848,Toxel,40,38,35,54,35,40,Electric,Poison,Rattled,Static,Klutz
849,Toxtricity,75,98,70,114,70,75,Electric,Poison,Punk Rock,Plus,Technician
850,Sizzlipede,50,65,45,50,50,45,Fire,Bug,Flash Fire,White Smoke,Flame Body
851,Centiskorch,100,115,65,90,90,65,Fire,Bug,Flash Fire,White Smoke,Flame Body
852,Clobbopus,50,68,60,50,50,32,Fighting,,Limber,,Technician
853,Grapploct,80,118,90,70,80,42,Fighting,,Limber,,Technician
854,Sinistea,40,45,45,74,54,50,Ghost,,Weak Armor,,Cursed Body
855,Polteageist,60,65,65,134,114,70,Ghost,,Weak Armor,,Cursed Body
856,Hatenna,42,30,45,56,53,39,Psychic,,Healer,Anticipation,Magic Bounce
857,Hattrem,57,40,65,86,73,49,Psychic,,Healer,Anticipation,Magic Bounce
858,Hatterene,57,90,95,136,103,29,Psychic,Fairy,Healer,Anticipation,Magic Bounce
859,Impidimp,45,45,30,55,40,50,Dark,Fairy,Prankster,Frisk,Pickpocket
860,Morgrem,65,60,45,75,55,70,Dark,Fairy,Prankster,Frisk,Pickpocket
861,Grimmsnarl,95,120,65,95,75,60,Dark,Fairy,Prankster,Frisk,Pickpocket
862,Obstagoon,93,90,101,60,81,95,Dark,Normal,Reckless,Guts,Defiant
863,Perrserker,70,110,100,50,60,50,Steel,,Battle Armor,Tough Claws,Steely Spirit
864,Cursola,60,95,50,145,130,30,Ghost,,Weak Armor,,Perish Body
865,Sirfetch’d,62,135,95,68,82,65,Fighting,,Steadfast,,Scrappy
866,Mr. Rime,80,85,75,110,100,70,Ice,Psychic,Tangled Feet,Screen Cleaner,Ice Body
867,Runerigus,58,95,145,50,105,30,Ground,Ghost,Wandering Spirit,,
868,Milcery,45,40,40,50,61,34,Fairy,,Sweet Veil,,Aroma Veil
869,Alcremie,65,60,75,110,121,64,Fairy,,Sweet Veil,,Aroma Veil
870,Falinks,65,100,100,70,60,75,Fighting,,Battle Armor,,Defiant
871,Pincurchin,48,101,95,91,85,15,Electric,,Lightning Rod,,Electric Surge
872,Snom,30,25,35,45,30,20,Ice,Bug,Shield Dust,Ice Scales,
873,Frosmoth,70,65,60,125,90,65,Ice,Bug,Shield Dust,Ice Scales,
874,Stonjourner,100,125,135,20,20,70,Rock,,Power Spot,,
875,Eiscue,75,80,110,65,90,50,Ice,,Ice Face,,
876,Indeedee,60,65,55,105,95,95,Psychic,Normal,Inner Focus,Synchronize,Psychic Surge
877,Morpeko,58,95,58,70,58,97,Electric,Dark,Hunger Switch,,
878,Cufant,72,80,49,40,49,40,Steel,,Sheer Force,,
879,Copperajah,122,130,69,80,69,30,Steel,,Sheer Force,Heavy Metal
880,Dracozolt,90,100,90,80,70,75,Electric,Dragon,Volt Absorb,Hustle,Sand Rush
881,Arctozolt,90,100,90,90,80,55,Electric,Ice,Volt Absorb,Static,Slush Rush
882,Dracovish,90,90,100,70,80,75,Water,Dragon,Water Absorb,Strong Jaw,Sand Rush
883,Arctovish,90,90,100,80,90,55,Water,Ice,Water Absorb,Ice Body,Slush Rush
884,Duraludon,70,95,115,120,50,85,Steel,Dragon,Light Metal,Heavy Metal,Stalwart
885,Dreepy,28,60,30,40,30,82,Dragon,Ghost,Cursed Body,,Clear Body
886,Drakloak,68,80,50,60,50,102,Dragon,Ghost,Infiltrator,,Clear Body
887,Dragapult,88,120,75,100,75,142,Dragon,Ghost,Clear Body,Infiltrator,Cursed Body
888,Zacian,92,120,115,80,115,138,Fairy,,Intrepid Sword,,
889,Zamazenta,92,120,115,80,115,138,Fighting,,Dauntless Shield,,
890,Eternatus,140,85,95,145,95,130,Poison,Dragon,Pressure,,
891, Kubfu,60,90,60,53,50,72,Fighting,,Inner Focus,,
892,Urshifu,100,130,100,63,60,97,Fighting,Dark,Unseen Fist,,Inner Focus
893,Zarude,105,120,105,70,95,105,Dark,Grass,Leaf Guard,,
894,Regieleki,80,100,50,100,50,200,Electric,,Transistor,,
895,Regidrago,200,100,50,100,50,80,Dragon,,Dragon's Maw,,
896,Glastrier,100,145,130,65,110,30,Ice,,Chilling Neigh,,
897,Spectrier,100,65,60,145,80,130,Ghost,,Grim Neigh,,
898,Calyrex,100,80,80,80,80,80,Psychic,Grass,Unnerve,,
899,Wyrdeer,103,105,72,105,75,65,Normal,Psychic,Intimidate,Frisk,Sap Sipper
900,Kleavor,70,135,95,45,70,85,Bug,Rock,Swarm,Sheer Force,Sharpness
901,Ursaluna,130,140,105,45,80,50,Ground,Normal,Guts,Bulletproof,Unnerve
902,Basculegion,120,112,65,80,75,78,Water,Ghost,Swift Swim,Adaptability,Mold Breaker
903,Sneasler,80,130,60,40,80,120,Fighting,Poison,Pressure,,Poison Touch
904,Overqwil,85,115,95,65,65,85,Dark,Poison,Poison Point,Swift Swim,Intimidate
905,Enamorus,74,115,70,135,80,106,Fairy,Flying,Contrary,,Cute Charm
906, Sprigatito,40,61,54,45,45,65,Grass,,Overgrow,,Protean
907, Floragato,61,80,63,60,63,83,Grass,,Overgrow,,Protean
908, Meowscarada,76,110,70,81,70,123,Grass,Dark,Overgrow,,Protean
909, Fuecoco,67,45,59,63,40,36,Fire,,Blaze,,Unaware
910, Crocalor,81,55,78,90,58,49,Fire,,Blaze,,Unaware
911,Skeledirge,104,75,100,110,75,66,Fire,Ghost,Blaze,,Unaware
912,Quaxly,55,65,45,50,45,50,Water,,Torrent,,Moxie
913,Quaxwell,70,85,65,65,60,65,Water,,Torrent,,Moxie
914,Quaquaval,85,120,80,85,75,85,Water,Fighting,Torrent,,Moxie
915,Lechonk,54,45,40,35,45,35,Normal,,Aroma Veil,Gluttony,Thick Fat
916,Oinkologne,110,100,75,59,80,65,Normal,,Lingering Aroma,Gluttony,Thick Fat
917,Tarountula,35,41,45,29,40,20,Bug,,Insomnia,,Stakeout
918,Spidops,60,79,92,52,86,35,Bug,,Insomnia,,Stakeout
919,Nymble,33,46,40,21,25,45,Bug,,Swarm,,Tinted Lens
920,Lokix,71,102,78,52,55,92,Bug,Dark,Swarm,Tinted Lens,Stakeout
921,Pawmi,45,50,20,40,25,60,Electric,,Static,Natural Cure,Iron Fist
922,Pawmo,60,75,40,50,40,85,Electric,Fighting,Volt Absorb,Natural Cure,Iron Fist
923,Pawmot,70,115,70,70,60,105,Electric,Fighting,Volt Absorb,Natural Cure,Iron Fist
924,Tandemaus,50,50,45,40,45,75,Normal,,Run Away,Pickup,Own Tempo
925,Maushold,74,75,70,65,75,111,Normal,,Friend Guard,Cheek Pouch,Technician
926,Fidough,37,55,70,30,55,65,Fairy,,Own Tempo,,Klutz
927,Dachsbun,57,80,115,50,80,95,Fairy,,Well-Baked Body,,Aroma Veil
928,Smoliv,41,35,45,58,51,30,Grass,Normal,Early Bird,,Harvest
929,Dolliv,52,53,60,78,78,33,Grass,Normal,Early Bird,,Harvest
930,Arboliva,78,69,90,125,109,39,Grass,Normal,Seed Sower,,Harvest
931,Squawkabilly,82,96,51,45,51,92,Normal,Flying,Intimidate,Hustle,Guts
932,Nacli,55,55,75,35,35,25,Rock,,Purifying Salt,Sturdy,Clear Body
933,Naclstack,60,60,100,35,65,35,Rock,,Purifying Salt,Sturdy,Clear Body
934,Garganacl,100,100,130,45,90,35,Rock,,Purifying Salt,Sturdy,Clear Body
935,Charcadet,40,50,40,50,40,35,Fire,,Flash Fire,,Flame Body
936,Armarouge,85,60,100,125,80,75,Fire,Psychic,Flash Fire,,Weak Armor
937,Ceruledge,75,125,80,60,100,85,Fire,Ghost,Flash Fire,,Weak Armor
938,Tadbulb,61,31,41,59,35,45,Electric,,Own Tempo,Static,Hydration
939,Bellibolt,109,64,91,103,83,45,Electric,,Electromorphosis,Static,Hydration
940,Wattrel,40,40,35,55,40,70,Electric,Flying,Wind Power,Volt Absorb,Competitive
941,Kilowattrel,70,70,60,105,60,125,Electric,Flying,Wind Power,Volt Absorb,Competitive
942,Maschiff,60,78,60,40,51,51,Dark,,Intimidate,Run Away,Stakeout
943,Mabosstiff,80,120,90,60,70,85,Dark,,Intimidate,Guard Dog,Stakeout
944,Shroodle,40,65,35,40,35,75,Poison,Normal,Unburden,Pickpocket,Prankster
945,Grafaiai,63,95,65,80,72,110,Poison,Normal,Unburden,Poison Touch,Prankster
946,Bramblin,40,65,30,45,35,60,Grass,Ghost,Wind Rider,,Infiltrator
947,Brambleghast,55,115,70,80,70,90,Grass,Ghost,Wind Rider,,Infiltrator
948,Toedscool,40,40,35,50,100,70,Ground,Grass,Mycelium Might,,Damp
949,Toedscruel,80,70,65,80,120,100,Ground,Grass,Mycelium Might,,Damp
950,Klawf,70,100,115,35,55,75,Rock,,Anger Shell,Shell Armor,Regenerator
951,Capsakid,50,62,40,62,40,50,Grass,,Chlorophyll,Insomnia,Pickup
952,Scovillain,65,108,65,108,65,75,Grass,Fire,Chlorophyll,Insomnia,Mood Maker
953,Rellor,41,50,60,31,58,30,Bug,,Compound Eyes,,Shed Skin
954,Rabsca,75,50,85,115,100,45,Bug,Psychic,Synchronize,Telepathy,Wonder Skin
955,Flittle,30,35,30,55,30,75,Psychic,,Anticipation,Frisk,Speed Boost
956,Espathra,95,60,60,101,60,105,Psychic,,Opportunist,Frisk,Speed Boost
957,Tinkatink,50,45,45,35,64,58,Fairy,Steel,Mold Breaker,Own Tempo,Pickpocket
958,Tinkatuff,65,55,55,45,82,78,Fairy,Steel,Mold Breaker,Own Tempo,Pickpocket
959,Tinkaton,85,75,77,70,105,94,Fairy,Steel,Mold Breaker,Own Tempo,Pickpocket
960,Wiglett,10,55,25,35,25,95,Water,,Gooey,Rattled,Sand Veil
961,Wugtrio,35,100,50,50,70,120,Water,,Gooey,Rattled,Sand Veil
962,Bombirdier,70,103,85,60,85,82,Flying,Dark,Big Pecks,Keen Eye,Rocky Payload
963,Finizen,70,45,40,45,40,75,Water,,Water Veil,,Water Compaction
964,Palafin,100,70,72,53,62,100,Water,,Zero to Hero,,Water Veil
965,Varoom,45,70,63,30,45,47,Steel,Poison,Overcoat,,Slow Start
966,Revavroom,80,119,90,54,67,90,Steel,Poison,Overcoat,Filter,Slow Start
967,Cyclizar,70,95,65,85,65,121,Dragon,Normal,Shed Skin,,Regenerator
968,Orthworm,70,85,145,60,55,65,Steel,,Earth Eater,,Sand Veil
969,Glimmet,48,35,42,105,60,60,Rock,Poison,Toxic Debris,,Corrosion
970,Glimmora,83,55,90,130,81,86,Rock,Poison,Toxic Debris,,Corrosion
971,Greavard,50,61,60,30,55,34,Ghost,,Pickup,,Fluffy
972,Houndstone,72,101,100,50,97,68,Ghost,,Sand Rush,,Fluffy
973,Flamigo,82,115,74,75,64,90,Flying,Fighting,Costar,,Tangled Feet
974,Cetoddle,108,68,45,30,40,43,Ice,,Thick Fat,,Snow Cloak
975,Cetitan,170,113,65,45,55,73,Ice,,Thick Fat,Slush Rush,Sheer Force
976,Veluza,90,102,73,78,65,70,Water,Psychic,Mold Breaker,Sharpness,Water Veil
977,Dondozo,150,100,115,65,65,35,Water,,Unaware,Oblivious,Water Veil
978,Tatsugiri,68,50,60,120,95,82,Dragon,Water,Commander,,Storm Drain
979,Annihilape,110,115,80,50,90,90,Fighting,Ghost,Vital Spirit,Inner Focus,Defiant
980,Clodsire,130,75,60,45,100,20,Poison,Ground,Poison Point,Water Absorb,Unaware
981,Farigiraf,120,90,70,110,70,60,Normal,Psychic,Cud Chew,Armor Tail,Sap Sipper
982,Dudunsparce,125,100,80,85,75,55,Normal,,Serene Grace,Run Away,Rattled
983,Kingambit,100,135,120,60,85,50,Dark,Steel,Defiant, Supreme Overlord,Pressure
984,Great Tusk,115,131,131,53,53,87,Ground,Fighting,Protosynthesis,,
985,Scream Tail,115,65,99,65,115,111,Fairy,Psychic,Protosynthesis,,
986,Brute Bonnet,111,127,99,79,99,55,Grass,Dark,Protosynthesis,,
987,Flutter Mane,55,55,55,135,135,135,Ghost,Fairy,Protosynthesis,,
988,Slither Wing,85,135,79,85,105,81,Bug,Fighting,Protosynthesis,,
989,Sandy Shocks,85,81,97,121,85,101,Electric,Ground,Protosynthesis,,
990,Iron Treads,90,112,120,72,70,106,Ground,Steel,Quark Drive,,
991,Iron Bundle,56,80,114,124,60,136,Ice,Water,Quark Drive,,
992,Iron Hands,154,140,108,50,68,50,Fighting,Electric,Quark Drive,,
993,Iron Jugulis,94,80,86,122,80,108,Dark,Flying,Quark Drive,,
994,Iron Moth,80,70,60,140,110,110,Fire,Poison,Quark Drive,,
995,Iron Thorns,100,134,110,70,84,72,Rock,Electric,Quark Drive,,
996,Frigibax,65,75,45,35,45,55,Dragon,Ice,Thermal Exchange,Ice Body,
997,Arctibax,90,95,66,45,65,62,Dragon,Ice,Thermal Exchange,Ice Body,
998,Baxcalibur,115,145,92,75,86,87,Dragon,Ice,Thermal Exchange,Ice Body,
999,Gimmighoul,45,30,70,75,70,10,Ghost,,Rattled,
1000,Gholdengo,87,60,95,133,91,84,Steel,Ghost,Good as Gold,
1001,Wo-Chien,85,85,100,95,135,70,Dark,Grass,Tablets of Ruin,
1002,Chien-Pao,80,120,80,90,65,135,Dark,Ice,Sword of Ruin,
1003,Ting-Lu,155,110,125,55,80,45,Dark,Ground,Vessel of Ruin,
1004,Chi-Yu,55,80,80,135,120,100,Dark,Fire,Beads of Ruin,
1005,Roaring Moon,105,139,71,55,101,119,Dragon,Dark,Protosynthesis,
1006,Iron Valiant,74,130,90,120,60,116,Fairy,Fighting,Quark Drive,
1007,Koraidon,100,135,115,85,100,135,Fighting,Dragon,Orichalcum Pulse,
1008,Miraidon,100,85,100,135,115,135,Electric,Dragon,Hadron Engine,
1009,Walking Wake,99,83,91,125,83,109,Water,Dragon,Protosynthesis,
1010,Iron Leaves,90,130,88,70,108,104,Grass,Psychic,Quark Drive,
1011,Dipplin,80,80,110,95,80,40,Grass,Dragon,Supersweet Syrup,Gluttony,Sticky Hold
1012,Poltchageist,40,45,45,74,54,50,Ghost,Grass,Hospitality,,Heatproof
1013,Sinistcha,71,60,110,121,80,74,Ghost,Grass,Hospitality,Heatproof,Weak Armor
1014,Okidogi,88,128,115,58,86,80,Poison,Fighting,Guard Dog,Toxic Chain,
1015,Munkidori,88,75,66,130,90,106,Poison,Psychic,Frisk,Toxic Chain,
1016,Fezandipiti,88,91,82,70,125,99,Poison,Fairy,Technician,Toxic Chain,
1017,Ogerpon,80,120,84,60,96,110,Grass,,Defiant,,Prankster
1018,Archaludon,90,105,130,125,65,85,Steel,Dragon,Stamina,,Sturdy
1019,Hydrapple,106,80,110,120,80,44,Grass,Dragon,Supersweet Syrup,Sticky Hold,Regenerator
1020,Gouging Fire,105,115,121,65,93,91,Fire,Dragon,Protosynthesis,
1021,Raging Bolt,125,73,91,137,89,75,Electric,Dragon,Protosynthesis,
1022,Iron Boulder,90,120,108,68,108,124,Rock,Psychic,Quark Drive,
1023,Iron Crown,90,72,100,122,108,98,Steel,Psychic,Quark Drive,
1024,Terapagos,160,105,110,130,110,85,Normal,,Tera Shift,Tera Shell,Teraform Zero
1025,Pecharunt,88,88,160,88,88,88,Poison,Ghost,Poison Puppeteer,,Technician
